"Year","sublime_raw_freq","sublime_raw_prob","sublime_smoothed_avg_3","sublime_smoothed_avg_5","sublime_smoothed_avg_7","sublime_smoothed_avg_9","sublime_smoothed_avg_11","grotesque_raw_freq","grotesque_raw_prob","grotesque_smoothed_avg_3","grotesque_smoothed_avg_5","grotesque_smoothed_avg_7","grotesque_smoothed_avg_9","grotesque_smoothed_avg_11","beautiful_raw_freq","beautiful_raw_prob","beautiful_smoothed_avg_3","beautiful_smoothed_avg_5","beautiful_smoothed_avg_7","beautiful_smoothed_avg_9","beautiful_smoothed_avg_11","picturesque_raw_freq","picturesque_raw_prob","picturesque_smoothed_avg_3","picturesque_smoothed_avg_5","picturesque_smoothed_avg_7","picturesque_smoothed_avg_9","picturesque_smoothed_avg_11","arabesque_raw_freq","arabesque_raw_prob","arabesque_smoothed_avg_3","arabesque_smoothed_avg_5","arabesque_smoothed_avg_7","arabesque_smoothed_avg_9","arabesque_smoothed_avg_11","aesthetic_raw_freq","aesthetic_raw_prob","aesthetic_smoothed_avg_3","aesthetic_smoothed_avg_5","aesthetic_smoothed_avg_7","aesthetic_smoothed_avg_9","aesthetic_smoothed_avg_11"
1660,1,148.08233377758,74.0411668887902,49.3607779258601,37.0205834443951,29.6164667555161,24.6803889629301,0,0,0,0,0,0,0,0,0,304.506699147381,254.772338956358,191.079254217269,152.863403373815,127.386169478179,0,0,0,0,0,0,0,0,0,0,0,0,0,0,0,0,0,0,0,0,0
1661,0,0,49.3607779258601,37.0205834443951,29.6164667555161,24.6803889629301,21.1546191110829,0,0,0,0,0,0,0,1,609.013398294762,254.772338956358,191.079254217269,152.863403373815,127.386169478179,109.188145267011,0,0,0,0,0,0,0,0,0,0,0,0,0,0,0,0,0,0,0,0,0
1662,0,0,0,29.6164667555161,24.6803889629301,21.1546191110829,18.5102917221975,0,0,0,0,0,0,0,1,155.303618574313,254.772338956358,152.863403373815,127.386169478179,109.188145267011,176.272683258475,0,0,0,0,0,0,0,0,0,0,0,0,0,0,0,0,0,0,0,0,0
1663,0,0,0,0,21.1546191110829,18.5102917221975,16.4535926419534,0,0,0,0,0,0,0,0,0,51.7678728581043,152.863403373815,109.188145267011,176.272683258475,222.423324821844,0,0,0,0,0,0,0,0,0,0,0,0,0,0,0,0,0,0,0,0,0
1664,0,0,0,0,0,16.4535926419534,14.808233377758,0,0,0,0,0,0,0,0,0,0,31.0607237148626,201.454495152543,222.423324821844,200.18099233966,0,0,0,0,0,0,0,0,0,0,0,0,0,0,0,0,0,0,0,0,0
1665,0,0,0,0,0,0,13.4620303434164,0,0,0,0,0,0,0,0,0,0,129.172889839745,198.970932157405,222.423324821844,204.562285050039,0,0,0,0,0,0,0,0,0,0,0,0,0,0,0,0,0,0,0,0,0
1666,0,0,0,0,0,0,0,0,0,0,0,0,0,0,0,0,215.288149732908,247.498581305504,176.784700932503,182.352415250629,218.374058205476,0,0,0,0,0,0,0,0,0,0,0,0,0,0,0,0,0,0,0,0,0
1667,0,0,0,0,0,0,0,0,0,0,0,0,0,0,16,645.864449198724,412.497635509174,247.498581305504,212.266874097336,181.977513710129,191.8829820933,0,0,0,0,0,0,0,0,0,0,0,0,0,0,0,0,0,0,0,0,0
1668,0,0,0,0,0,0,2.91571541451268,0,0,0,0,0,0,0,4,591.628457328797,412.497635509174,297.17362373627,233.971089055881,217.267687161332,195.258763800893,0,0,0,0,0,0,0,0,0,0,0,0,0,0,0,0,0,0,0,0,0
1669,0,0,0,0,0,3.56365217329328,27.2034768115447,0,0,0,0,0,0,0,0,0,280.001223160875,327.559524678233,279.344169207427,238.649600201091,207.402644499409,0,0,0,0,0,0,0,0,0,0,0,0,0,0,0,0,0,0,0,0,0
1670,0,0,0,0,4.58183850851993,33.2486938807769,27.2034768115447,0,0,0,0,0,0,0,6,248.375212153827,133.434905621214,261.908947050652,306.835200258546,253.492121054833,246.82549398297,0,0,0,0,0,0,0,0,0,0,0,0,0,0,0,0,0,0,0,0,0
1671,0,0,0,6.4145739119279,42.748320703856,33.2486938807769,27.2034768115447,0,0,0,0,0,0,0,1,151.929504709815,239.305425974821,182.07069905646,233.652091470682,301.675603756963,246.82549398297,0,0,0,0,0,0,0,0,0,0,0,0,0,0,0,0,0,0,0,0,0
1672,0,0,10.6909565198798,59.8476489853984,42.748320703856,33.2486938807769,27.2034768115447,0,0,0,0,0,0,0,4,317.611561060823,220.659427709491,208.787236593196,211.083932469306,229.912887179327,266.694885847116,0,0,0,0,0,0,0,0,0,0,0,0,0,0,0,0,0,0,0,0,0
1673,1,32.0728695596395,99.7460816423306,59.8476489853984,42.748320703856,33.2486938807769,27.2034768115447,0,0,0,0,0,0,0,6,192.437217357837,214.543822034112,245.842463026264,211.083932469306,188.461204198973,234.893368862898,0,0,0,0,0,0,0,0,0,0,0,0,0,0,0,0,0,0,0,0,0
1674,2,267.165375367352,99.7460816423306,59.8476489853984,42.748320703856,33.2486938807769,34.3414393515173,0,0,0,0,0,0,0,1,133.582687683676,253.223749786894,215.456562084301,206.825089376704,221.35540001812,209.66081381108,0,0,0,0,0,0,0,0,0,0,0,0,0,0,0,0,0,0,0,0,0
1675,0,0,89.0551251224508,59.8476489853984,42.748320703856,41.9728703185212,45.0215487158372,0,0,0,0,0,0,0,2,433.651344319167,189.078010667615,195.646911973258,227.41341189992,228.654859974228,228.35100519864,0,0,0,0,0,0,0,0,0,0,0,0,0,0,0,0,0,0,0,0,0
1676,0,0,0,53.4330750734705,53.9651189809558,55.0263373193566,45.0215487158372,0,0,0,0,0,0,0,0,0,217.404884941592,216.369020976157,226.907524856773,234.617371146822,254.670299280265,0,0,0,0,0,0,0,0,0,0,0,0,0,0,0,0,0,0,0,0,0
1677,0,0,0,15.7035175879397,66.16630947351,55.0263373193566,45.0215487158372,0,0,0,0,0,0,0,3,218.56331050561,171.537024292646,252.46655379118,228.786794557534,259.092469590253,283.967239114201,0,0,0,0,0,0,0,0,0,0,0,0,0,0,0,0,0,0,0,0,0
1678,0,0,26.1725293132328,39.1997581894435,27.9998272781739,51.4626851460633,45.0215487158372,0,0,0,0,0,0,0,6,296.047762372329,276.227141545578,206.854705979978,286.544617324395,290.398983537506,291.054335404414,0,0,0,0,0,0,0,0,0,0,0,0,0,0,0,0,0,0,0,0,0
1679,2,78.5175879396985,65.3329303157391,39.1997581894435,27.9998272781739,21.7776434385797,42.1058333013245,0,0,0,0,0,0,0,8,314.070351758794,271.90340646476,314.432195390319,292.336688547815,319.508642711893,307.456049967707,0,0,0,0,0,0,0,0,0,0,0,0,0,0,0,0,0,0,0,0,0
1680,4,117.481203007519,65.3329303157391,39.1997581894435,27.9998272781739,21.7776434385797,33.7377095733391,0,0,0,0,0,0,0,7,205.592105263158,352.516634691219,365.558701865819,348.846634298267,312.753613071326,351.030901110854,0,0,0,0,0,0,0,0,0,0,0,0,0,0,0,0,0,0,0,0,0
1681,0,0,39.1604010025063,39.1997581894435,27.9998272781739,41.2349783674145,33.7377095733391,0,0,0,0,0,0,0,8,537.887447051704,405.891798399324,385.463073441986,370.888458162332,380.854285322248,311.608051627294,0,0,0,0,0,0,0,0,0,0,0,0,0,0,0,0,0,0,0,0,0
1682,0,0,0,23.4962406015038,53.0164007581043,41.2349783674145,41.6808367825214,0,0,0,0,0,0,0,6,474.195842883111,469.217636729327,397.22021860104,416.153927860327,356.569473043847,359.266814882387,0,0,0,0,0,0,0,0,0,0,0,0,0,0,0,0,0,0,0,0,0
1683,0,0,0,35.0232028719026,41.7996024810046,50.943244956415,41.6808367825214,0,0,0,0,0,0,0,1,395.569620253165,414.207180230113,478.683007600068,371.286734751928,381.924876758702,339.397423018241,0,0,0,0,0,0,0,0,0,0,0,0,0,0,0,0,0,0,0,0,0
1684,0,0,58.3720047865044,35.0232028719026,37.4986305229311,42.2190685186708,41.6808367825214,0,0,0,0,0,0,0,1,372.856077554064,460.443916021842,371.105518189727,416.808776258053,347.028171007725,312.483990075302,0,0,0,0,0,0,0,0,0,0,0,0,0,0,0,0,0,0,0,0,0
1685,2,175.116014359513,58.3720047865044,52.4980827321036,37.4986305229311,29.1656015178353,34.5428742425488,0,0,0,0,0,0,0,7,612.906050258296,328.587375937453,381.115628774311,339.967712393523,324.184603756263,283.932139915411,0,0,0,0,0,0,0,0,0,0,0,0,0,0,0,0,0,0,0,0,0
1686,0,0,87.496804553506,52.4980827321036,37.4986305229311,29.1656015178353,23.8627648782289,0,0,0,0,0,0,0,0,0,379.050815354775,302.001704723678,272.225449124508,264.419331861629,282.503714579136,0,0,0,0,0,0,0,0,0,0,0,0,0,0,0,0,0,0,0,0,0
1687,1,87.3743993010048,29.1247997670016,52.4980827321036,37.4986305229311,29.1656015178353,64.8081948564255,0,0,0,0,0,0,0,6,524.246395806029,174.74879860201,227.430489212865,215.715503374056,232.828618937298,274.550285734451,0,0,0,0,0,0,0,0,0,0,0,0,0,0,0,0,0,0,0,0,0
1688,0,0,29.1247997670016,17.474879860201,37.4986305229311,79.2100159356311,72.020912319857,0,0,0,0,0,0,0,0,0,174.74879860201,104.849279161206,189.575981804065,238.920853326965,260.292442598803,0,0,0,0,0,0,0,0,0,0,0,0,0,0,0,0,0,0,0,0,0
1689,0,0,0,17.474879860201,76.8248755801667,88.0255595020474,89.2723053698458,0,0,0,0,0,0,0,0,0,0,142.825164474032,166.360793161475,232.754574531067,258.834354130311,0,0,0,0,0,0,0,0,0,0,0,0,0,0,0,0,0,0,0,0,0
1690,0,0,0,90.0799459520324,88.1591458798448,89.6532605231989,89.2723053698458,0,0,0,0,0,0,0,0,0,63.2931421880439,128.055831264859,211.697874360187,206.823974180118,236.456032485883,0,0,0,0,0,0,0,0,0,0,0,0,0,0,0,0,0,0,0,0,0
1691,0,0,150.133243253387,105.947924371582,102.786420772541,89.6532605231989,73.3526677007991,0,0,0,0,0,0,0,2,189.879426564132,213.426385441431,191.527744943056,191.024195973576,220.901145231824,244.533153913757,0,0,0,0,0,0,0,0,0,0,0,0,0,0,0,0,0,0,0,0,0
1692,4,450.399729760162,176.579873952636,143.900989081557,102.786420772541,79.9449939341984,106.943907105562,0,0,0,0,0,0,0,4,450.399729760162,319.212908238427,267.433874363007,209.123415897198,240.624255249477,334.109792326459,0,0,0,0,0,0,0,0,0,0,0,0,0,0,0,0,0,0,0,0,0
1693,2,79.3398920977467,239.834981802595,143.900989081557,102.786420772541,121.000953206687,109.871497173483,0,0,0,0,0,0,0,8,317.359568390987,382.429981750301,292.772782256077,309.374042463614,350.106813309446,305.474784306295,0,0,0,0,0,0,0,0,0,0,0,0,0,0,0,0,0,0,0,0,0
1694,3,189.765323549877,89.7017385492078,143.900989081557,155.572654122883,134.287385434257,123.729590299869,0,0,0,0,0,0,0,6,379.530647099753,274.52825165203,395.147774136233,450.13733139786,373.358069707694,333.190970559067,0,0,0,0,0,0,0,0,0,0,0,0,0,0,0,0,0,0,0,0,0
1695,0,0,63.2551078499589,127.721769820004,172.655209844044,151.225054810951,127.557180334355,0,0,0,0,0,0,0,1,126.694539465349,402.659857510005,502.136432692145,452.906171543588,407.233408461081,386.777231041879,0,0,0,0,0,0,0,0,0,0,0,0,0,0,0,0,0,0,0,0,0
1696,0,0,123.167877817465,135.76936941008,130.089394791199,155.903220408656,153.888560756974,0,0,0,0,0,0,0,1,701.754385964912,604.597315989994,480.516780530793,432.117359975063,451.630012766282,426.274301675807,0,0,0,0,0,0,0,0,0,0,0,0,0,0,0,0,0,0,0,0,0
1697,3,369.503633452396,163.027174500175,128.304109578154,124.769908831428,138.041604285172,153.888560756974,0,0,0,0,0,0,0,8,985.343022539722,632.11957202962,465.58626086694,470.987259535055,449.859795789953,414.328545852526,0,0,0,0,0,0,0,0,0,0,0,0,0,0,0,0,0,0,0,0,0
1698,4,119.57789004813,213.840182630257,136.724807654024,139.03846041699,129.226060718756,112.943130778777,0,0,0,0,0,0,0,7,209.261307584228,499.827459634812,558.137126036057,478.835420945549,421.094967358515,373.383115874329,0,0,0,0,0,0,0,0,0,0,0,0,0,0,0,0,0,0,0,0,0
1699,1,152.439024390244,104.706801605909,194.653844583785,139.03846041699,108.14102476877,125.836371716118,0,0,0,0,0,0,0,2,304.878048780488,367.86274055855,504.679804237716,469.089931380219,378.924895458542,364.638204421375,0,0,0,0,0,0,0,0,0,0,0,0,0,0,0,0,0,0,0,0,0
1700,1,42.1034903793525,161.395899806134,120.753117893306,139.03846041699,132.714973925269,108.584978666129,0,0,0,0,0,0,0,14,589.448865310934,442.93156368821,319.30642223138,368.839304813803,389.421673563336,330.135418321398,0,0,0,0,0,0,0,0,0,0,0,0,0,0,0,0,0,0,0,0,0
1701,2,289.645184648805,110.582891676053,96.8375398836803,117.847304553575,132.714973925269,157.018165085464,0,0,0,0,0,0,0,3,434.467776973208,360.797584930728,277.454160714534,259.671093366484,311.448964011679,350.90652386168,0,0,0,0,0,0,0,0,0,0,0,0,0,0,0,0,0,0,0,0,0
1702,0,0,96.5483948829351,110.58284348733,100.764748832413,150.855131387523,157.018165085464,0,0,0,0,0,0,0,1,58.4761125080405,164.314629827083,260.711659440135,229.776620854452,241.430483774872,318.28395508733,0,0,0,0,0,0,15.5866422475938,0,0,0,0,0,0,0,0,0,0,0,0,0,0
1703,0,0,73.7218474694976,102.16214541146,155.097038292761,137.568699159953,123.4269256807,0,0,0,0,0,0,0,0,0,93.2138849721777,142.821886377948,236.96214251559,256.279908426298,228.707316674628,0,0,0,0,0,19.0503405248369,15.5866422475938,0,0,0,0,0,0,0,0,0,0,0,0,0,0
1704,2,221.165542408493,73.7218474694976,150.786118604235,149.082253952854,120.631029783259,117.40107575113,0,0,0,0,0,0,0,2,221.165542408493,73.7218474694976,126.963671064997,201.741751677894,222.40456967291,253.287367567486,0,0,0,0,24.4932949605046,19.0503405248369,15.5866422475938,0,0,0,0,0,0,0,0,0,0,0,0,0,0
1705,0,0,251.310197673724,150.786118604235,107.704370431596,121.874368721426,109.400527142082,0,0,0,0,0,0,0,0,0,192.114080938982,183.849674452802,139.674926396007,210.203792127881,333.935754885474,0,0,0,34.2906129447064,24.4932949605046,19.0503405248369,15.5866422475938,0,0,0,0,0,0,0,0,0,0,0,0,0,2.92877225866917
1706,3,532.76505061268,177.588350204227,150.786118604235,115.317733406289,96.8507915038607,116.223641917986,0,0,0,0,0,0,0,2,355.176700408453,232.694276618506,183.849674452802,199.841462809954,294.37518460623,338.928370859811,0,0,57.1510215745107,34.2906129447064,24.4932949605046,19.0503405248369,15.5866422475938,0,0,0,0,0,0,0,0,0,0,0,0,3.57961053837343,2.92877225866917
1707,0,0,177.588350204227,117.211718287106,124.52244621925,109.86831960545,200.288728808414,0,0,0,0,0,0,0,4,342.906129447064,232.694276618506,235.544939452238,370.128649849719,359.474243330742,491.425156422485,2,171.453064723532,57.1510215745107,34.2906129447064,24.4932949605046,19.0503405248369,15.5866422475938,0,0,0,0,0,0,0,0,0,0,0,4.60235640648012,3.57961053837343,2.92877225866917
1708,0,0,17.7645136076174,130.098316225251,109.664190577222,244.797335210283,208.406481684534,0,0,0,0,0,0,0,0,0,274.182665617578,473.947001307908,430.58609250974,594.133400904366,508.838854247617,0,0,57.1510215745107,34.2906129447064,24.4932949605046,19.0503405248369,15.5866422475938,0,0,0,0,0,0,0,0,0,0,6.44329896907217,4.60235640648012,3.57961053837343,2.92877225866917
1709,1,53.2935408228523,39.242176837858,46.9768566855746,283.144353497723,230.145084013486,217.506490784543,0,0,0,0,0,0,0,9,479.64186740567,557.217392228007,531.785189431946,732.290723675829,597.340206035033,527.038872447635,0,0,0,34.2906129447064,24.4932949605046,19.0503405248369,15.5866422475938,0,0,0,0,0,0,0,0,0,10.7388316151203,6.44329896907217,4.60235640648012,3.57961053837343,2.92877225866917
1710,2,64.4329896907217,78.2947611426243,289.849084774276,219.791529358385,241.267317357942,228.782160881079,0,0,0,0,0,0,3.48684761081202,37,1192.01030927835,772.006605904222,885.590447175057,717.269307700977,619.584672723944,635.946275646908,0,0,0,0,24.4932949605046,19.0503405248369,15.5866422475938,0,0,0,0,0,0,0,1,32.2164948453608,10.7388316151203,6.44329896907217,4.60235640648012,3.57961053837343,2.92877225866917
1711,2,117.157752914299,465.317294349509,307.708141101739,234.0915436584,220.426524342132,228.782160881079,0,0,0,0,0,4.26170263543691,3.48684761081202,11,644.367641028645,1316.10345615654,935.595804891955,696.882746379997,737.803592411948,729.705651584501,0,0,0,0,0,19.0503405248369,15.5866422475938,0,0,0,0,0,0,0,0,0,10.7388316151203,6.44329896907217,4.60235640648012,3.57961053837343,12.3047098524285
1712,46,1214.36114044351,473.604724998374,317.069452957189,283.405531297027,220.426524342132,200.278622803099,0,0,0,0,5.47933195984746,4.26170263543691,3.48684761081202,80,2111.93241816262,1002.10894925858,879.707471450861,899.618028894352,814.297704174889,826.959574857086,0,0,0,0,0,0,15.5866422475938,0,0,0,0,0,0,0,0,0,0,6.44329896907217,4.60235640648012,15.0390898196349,12.3047098524285
1713,5,89.2952816373183,467.918840726975,373.222437713123,275.792168322334,244.78498342601,216.196866702432,0,0,0,7.67106474378644,5.47933195984746,4.26170263543691,19.405091510145,14,250.026788584491,854.053135649103,925.134805115289,978.433924309761,972.627688220098,843.541022059898,0,0,0,0,0,0,0,0,0,0,0,0,0,0,0,0,0,0,19.3359726252449,15.0390898196349,12.3047098524285
1714,3,100.1001001001,178.197765069269,349.790887130263,297.905474331503,258.319110322656,223.550781191115,0,0,12.7851079063107,7.67106474378644,5.47933195984746,23.7173340679551,19.405091510145,6,200.2002002002,623.124655461727,1002.53190397227,1011.71385961384,977.7010416948,891.341466236333,0,0,0,0,0,0,0,0,0,0,0,0,0,0,0,0,0,20.6270627062706,14.7336162187647,15.0390898196349,12.3047098524285
1715,9,345.19791347039,148.432671190163,150.763885392543,306.183035756983,260.148006954299,218.705913843583,1,38.3553237189322,12.7851079063107,7.67106474378644,30.4937152302279,23.7173340679551,19.405091510145,37,1419.14697760049,883.566771038074,865.13939162112,994.704489278029,903.678216879515,917.60909666528,0,0,0,0,0,0,0,0,0,0,0,0,0,0,0,0,34.3784378437844,20.6270627062706,14.7336162187647,11.4594792812615,18.6566586303136
1716,0,0,188.141348408432,167.924965643612,144.25902417584,247.13047885271,339.740420445613,0,0,12.7851079063107,42.6912013223191,30.4937152302279,23.7173340679551,19.405091510145,10,1031.35313531353,1291.82332310697,920.194443639819,768.114841817768,917.480234779009,857.584352092376,0,0,0,0,0,0,0,0,0,0,0,0,0,0,1,103.135313531353,34.3784378437844,20.6270627062706,14.7336162187647,19.2229722320099,21.7703649963763
1717,2,219.226131754905,131.442271549189,164.083557498693,131.502555370509,267.291747949327,334.659443052763,0,0,58.3668942975544,42.6912013223191,30.4937152302279,23.7173340679551,19.405091510145,13,1424.96985640688,993.875013466135,985.315380787936,842.194700894853,741.903090424986,832.423840140467,0,0,0,0,0,0,0,0,0,0,0,0,0,0,0,0,34.3784378437844,20.6270627062706,24.7152500125841,26.6082238844599,21.7703649963763
1718,1,175.100682892663,158.406624674358,95.0439748046148,316.604335686646,264.177494611063,249.891625152607,1,175.100682892663,58.3668942975544,35.0201365785327,30.4937152302279,23.7173340679551,19.405091510145,3,525.30204867799,825.358930341887,855.203145692657,889.557260720025,754.967003866448,704.501607476092,0,0,0,0,0,0,0,0,0,0,0,0,0,0,0,0,0,34.6013500176177,34.2105735657342,26.6082238844599,21.7703649963763
1719,2,80.8930593755056,85.331247422723,374.206487267227,276.042776847011,284.379166104584,241.773872276487,0,0,58.3668942975544,35.0201365785327,25.0143832703805,23.7173340679551,19.405091510145,13,525.804885940786,606.564245580956,755.280142425231,739.33655099962,811.032299272479,681.771899422956,0,0,0,0,0,0,0,0,0,0,0,0,0,0,0,0,23.2904788522452,27.2677402857572,34.2105735657342,26.6082238844599,21.7703649963763
1720,0,0,492.235207229522,342.614661234834,316.316368781553,246.023842385652,277.067884781569,0,0,0,35.0201365785327,25.0143832703805,19.4556314325181,19.405091510145,11,768.585802124092,608.709602347094,543.806573055385,692.684368648328,653.349301761314,707.965902828028,0,0,0,0,0,0,0,0,0,0,0,0,0,0,1,69.8714365567356,45.4462338095954,27.2677402857572,19.4769573469694,26.6082238844599,21.7703649963763
1721,21,1395.81256231306,485.693187968668,363.97755336466,284.998349959424,300.283202125207,261.626131076544,0,0,0,0,25.0143832703805,19.4556314325181,15.918243899333,8,531.738118976404,555.975310219383,579.703735090684,489.117246304487,593.013868688254,674.591789981685,0,0,0,0,0,0,3.98496869807088,0,0,0,0,0,0,0,1,66.4672648720505,45.4462338095954,27.2677402857572,19.4769573469694,15.1487446031985,21.7703649963763
1722,1,61.267001592942,579.664902482599,347.798941489559,329.7460006399,295.406812231898,277.719083972471,0,0,0,0,0,19.4556314325181,15.918243899333,6,367.602009557652,534.709329129514,474.542757902527,483.836130444202,551.576299786457,650.568543259774,0,0,0,0,0,4.87051729764218,3.98496869807088,0,0,0,0,0,0,0,0,0,22.1557549573502,27.2677402857572,19.4769573469694,15.1487446031985,12.3944274026169
1723,6,281.915143541794,114.394048378245,445.465789020759,343.23822397413,295.620345449957,286.329334409608,0,0,0,0,0,0,15.918243899333,15,704.787858854485,357.463289470712,418.492445008907,559.011394779906,578.442452308071,549.565727819459,0,0,0,0,6.26209366839709,4.87051729764218,3.98496869807088,0,0,0,0,0,0,0,0,0,0,13.2934529744101,19.4769573469694,15.1487446031985,12.3944274026169
1724,0,0,256.749793732597,201.37100110117,368.527149953444,321.514326248614,281.905475503206,0,0,0,0,0,0,0,0,0,397.707365503494,522.551168471769,558.798768958252,554.901785710586,536.294151100253,0,0,0,8.76693113575593,6.26209366839709,4.87051729764218,3.98496869807088,0,0,0,0,0,0,0,0,0,0,0,9.49532355315007,15.1487446031985,12.3944274026169
1725,9,488.334237655996,221.224286790371,224.522097153621,213.973767703495,335.563019017751,293.542388444875,0,0,0,0,0,0,0,9,488.334237655996,513.455324648902,602.450250834741,527.684592899253,511.649441559767,507.484534354169,0,0,14.6115518929265,8.76693113575593,6.26209366839709,4.87051729764218,3.98496869807088,0,0,0,0,0,0,0,0,0,0,0,0,7.38525165245006,12.3944274026169
1726,4,175.338622715119,280.231780742103,230.926845757945,223.283943893394,203.683745620063,319.718343212825,0,0,0,0,0,0,0,24,1052.03173629071,769.154465106407,524.280456376527,529.357835071978,475.778439643929,450.701075181408,1,43.8346556787796,14.6115518929265,8.76693113575593,6.26209366839709,4.87051729764218,3.98496869807088,0,0,0,0,0,0,0,0,0,0,0,0,0,6.04247862473187
1727,3,177.022481855196,222.099997044577,256.214492742393,212.853080777975,228.869134603897,196.790754651089,0,0,0,0,0,0,0,13,767.097421372514,711.022681408881,600.143397329872,458.516584054746,450.930188717937,442.005871759887,0,0,14.6115518929265,8.76693113575593,6.26209366839709,4.87051729764218,3.98496869807088,0,0,0,0,0,0,0,0,0,0,0,0,0,0
1728,3,313.938886563416,205.799867780284,200.327465557967,253.986723984754,202.390684003028,196.83477867909,0,0,0,0,0,0,2.8068757227705,3,313.938886563416,486.783670900884,544.256370145445,479.083405658135,421.074968994069,439.463140205121,0,0,0,8.76693113575593,6.26209366839709,4.87051729764218,3.98496869807088,0,0,0,0,0,0,0,0,0,0,0,0,0,0
1729,2,126.43823492224,216.42540773984,222.846841504433,190.454559767322,209.2519357698,189.938684574069,0,0,0,0,0,3.43062588338617,2.8068757227705,6,379.314704766721,300.717564354667,362.643573132048,471.620069041518,458.811853711317,375.391516672895,0,0,0,0,6.26209366839709,4.87051729764218,3.98496869807088,0,0,0,0,0,0,0,0,0,0,0,0,0,0
1730,1,208.899101733863,207.757613034518,196.164162760188,174.227794508155,177.88792140653,189.938684574069,0,0,0,0,4.41080470721078,3.43062588338617,2.8068757227705,1,208.899101733863,244.060519241437,296.442265125479,369.848672779306,404.552493971761,411.932988197954,0,0,0,0,0,4.87051729764218,10.0752139522473,0,0,0,0,0,0,0,0,0,0,0,0,0,0
1731,2,287.935502447452,180.147897438427,145.726638627695,178.375741155493,158.405852215961,161.872564553718,0,0,0,6.1751265900951,4.41080470721078,3.43062588338617,5.139433092019,1,143.967751223726,262.98591143242,301.580880303842,260.263326868947,332.321877358976,458.508703993554,0,0,0,0,0,7.4436330884378,10.0752139522473,0,0,0,0,0,0,0,0,0,0,0,0,0,0
1732,2,43.6090881339671,131.098618827457,161.650613320559,133.527328789291,158.69301172451,169.32548758684,0,0,10.2918776501585,6.1751265900951,4.41080470721078,6.28152933468988,5.139433092019,20,436.090881339671,306.563531672876,225.717939350498,272.837226899265,358.274065140653,381.583693500178,0,0,0,0,9.57038539942003,7.4436330884378,6.09024525417638,0,0,0,0,0,0,0,0,0,0,0,0,0,0
1733,2,61.751265900951,103.806154140494,119.870792973787,141.122854862133,152.402110559626,153.232534690913,1,30.8756329504755,10.2918776501585,6.1751265900951,8.07625200174414,6.28152933468988,5.139433092019,11,339.63196245523,258.574281264967,264.329356358854,361.601856419391,346.264924507336,345.123219814909,0,0,0,13.398539559188,9.57038539942003,7.4436330884378,6.09024525417638,0,0,0,0,0,0,0,0,0,0,0,0,0,0
1734,1,206.058108386565,89.269791429172,98.2050759707235,148.040236911504,138.353417790488,165.315913050221,0,0,10.2918776501585,11.3067528024418,8.07625200174414,6.28152933468988,5.139433092019,0,0,247.196049743624,435.66922839563,361.167216295063,344.789091848207,380.419899395816,0,0,22.3308992653134,13.398539559188,9.57038539942003,7.4436330884378,11.8935705595764,0,0,0,0,0,0,0,0,0,0,0,0,0,0
1735,0,0,128.555008606233,140.947413559822,106.906593704725,164.793078544037,172.699960392269,0,0,8.55271035391115,11.3067528024418,8.07625200174414,6.28152933468988,5.139433092019,6,401.956186775641,467.541099394416,389.622376300409,392.890710525181,399.600565205933,449.768122259407,1,66.9926977959402,22.3308992653134,13.398539559188,9.57038539942003,14.5365862394822,11.8935705595764,0,0,0,0,0,0,0,0,0,0,0,0,0,0
1736,7,179.606917432134,145.642564503865,128.597160379632,164.513302330701,155.873884459294,162.164219542005,1,25.6581310617335,8.55271035391115,5.13162621234669,8.07625200174414,6.28152933468988,5.139433092019,39,1000.66711140761,536.159973015605,394.902425976274,430.906636327143,510.50916576621,447.687467989229,0,0,22.3308992653134,13.398539559188,18.68989659362,14.5365862394822,11.8935705595764,0,0,0,0,0,0,0,0,0,0,0,0,0,0
1737,5,257.320776079461,145.642564503865,176.756748405479,185.357800871247,161.362424931181,155.595531227002,0,0,8.55271035391115,5.13162621234669,3.66544729453335,6.28152933468988,5.139433092019,4,205.856620863569,524.185314368576,535.342898366954,545.551378300142,482.722612813125,473.814023511149,0,0,0,26.165855231068,18.68989659362,14.5365862394822,11.8935705595764,0,0,0,0,0,0,0,0,0,0,0,0,0,0
1738,0,0,234.72560819842,218.289299542432,169.207492870445,178.465609940234,176.010015011308,0,0,0,5.13162621234669,3.66544729453335,2.85090345130372,5.139433092019,3,366.032210834553,424.697064550507,683.38069226507,572.124507551842,492.914601647527,434.169397934816,0,0,21.2788594531333,12.76731567188,18.68989659362,14.5365862394822,11.8935705595764,0,0,0,0,0,0,0,0,0,0,0,0,0,0
1739,7,446.8560485158,218.172934733523,200.969106532196,200.01891158222,185.36675453743,186.898186039735,0,0,0,0,3.66544729453335,2.85090345130372,6.45803798774055,11,702.202361953399,736.793243018059,520.44965093593,576.325032578871,492.914601647527,448.674051787753,1,63.8365783593999,21.2788594531333,12.76731567188,9.11951119419999,14.5365862394822,11.8935705595764,0,0,0,0,0,0,0,0,0,0,0,0,0,0
1740,2,207.662755684768,249.174918860507,192.640937512788,212.670553343533,205.535770894502,178.220833796691,0,0,0,0,0,7.89315754057179,6.45803798774055,11,1142.14515626622,676.786474327176,565.550299156185,433.372588092071,503.717598098849,488.894864047056,0,0,21.2788594531333,12.76731567188,9.11951119419999,7.09295315104444,11.8935705595764,0,0,0,0,0,0,0,0,0,0,0,0,0,0
1741,1,93.0059523809524,172.116213016047,246.274619465054,201.842034934132,197.869139370163,178.220833796691,0,0,0,0,6.48289811477323,5.04225408926807,6.45803798774055,2,186.011904761905,586.505640997658,492.343856989274,475.276378659781,441.691134037152,555.30819536355,0,0,0,12.76731567188,9.11951119419999,7.09295315104444,31.5420260157881,0,0,0,0,0,0,0,0,0,0,0,0,0,0
1742,2,215.679930982422,192.284764374902,193.207639204625,217.643068321715,169.277942028001,187.317522876042,0,0,0,9.07605736068252,6.48289811477323,5.04225408926807,8.74813346650847,4,431.359861964844,205.790588908916,451.740015566102,486.190196376607,544.651824080876,510.564986443023,0,0,0,0,9.11951119419999,38.5513651304077,33.8533524397963,0,0,0,0,0,0,0,0,0,0,0,0,0,0
1743,1,268.16840976133,221.789829319134,173.796534810288,153.806489962315,200.352441728556,177.027038395081,0,0,15.1267622678042,9.07605736068252,6.48289811477323,10.6921631257326,11.3685961353973,0,0,310.181005600794,311.796771283325,547.661691991418,560.480668797237,557.362314904919,0,0,0,0,40.4465296877528,41.37631964864,33.8533524397963,0,0,0,0,0,0,0,0,0,0,0,0,0,0
1744,4,181.52114721365,186.765596896022,155.195344334097,164.093310193776,166.715708203343,202.253091863102,1,45.3802868034126,15.1267622678042,9.07605736068252,13.7470668759419,13.8949508321522,14.1714909651775,11,499.183154837539,313.870696563293,501.09495658236,457.139785850787,562.52787679624,616.582188757252,0,0,0,56.6251415628539,44.0786140683371,34.2833664975955,33.8533524397963,0,0,0,0,0,0,0,0,0,0,0,0,0,11.2115793191208
1745,2,110.607233713085,97.3761269755784,167.993457598612,171.396095109195,174.473911810395,172.860923999503,0,0,15.1267622678042,19.2458936263186,17.8649367841957,17.3207111796614,15.2946018925976,8,442.428934852339,691.371640315652,516.521346845752,533.513404305433,548.672950901127,576.330939873674,0,0,94.3752359380899,61.710059695672,44.0786140683371,34.2833664975955,28.0500271343964,0,0,0,0,0,0,0,0,0,0,0,0,13.7030413900365,11.2115793191208
1746,0,0,130.092577006026,143.184865004123,180.225617561455,177.866828436535,171.82308502388,0,0,16.9497271093935,25.010911497874,22.2694858024218,18.6934023131748,15.2946018925976,4,1132.50283125708,694.474526463741,660.646793634637,617.240684483343,556.83147528692,517.570534728609,1,283.12570781427,102.850099492787,61.710059695672,44.0786140683371,34.2833664975955,29.927984330118,0,0,0,0,0,0,0,0,0,0,0,17.6181960729041,13.7030413900365,11.2115793191208
1747,11,279.670497304993,141.265314697959,162.377953191041,159.564730740723,175.707561322145,186.760358498999,2,50.8491813281806,26.5580902286525,22.101222762708,24.0343744026533,18.6934023131748,15.2946018925976,20,508.491813281806,787.20729282777,764.300327309172,654.303345088205,563.989346143106,547.445081678848,1,25.4245906640903,102.850099492787,61.710059695672,44.0786140683371,36.5786475145887,29.927984330118,0,0,0,0,0,0,0,0,0,0,24.6654745020657,17.6181960729041,13.7030413900365,11.2115793191208
1748,5,144.125446788885,233.760844080706,164.964946851665,161.66835641776,174.50173363836,175.973971950874,1,28.825089357777,36.8353712711799,24.5720668030321,17.5514762878801,18.6934023131748,15.2946018925976,25,720.627233944425,748.856623478814,727.702265185512,653.817280064344,621.170670722498,545.719288368449,0,0,8.47486355469677,61.710059695672,47.029689661614,36.5786475145887,29.927984330118,0,0,0,0,0,0,0,0,0,41.1091241701096,24.6654745020657,17.6181960729041,13.7030413900365,11.2115793191208
1749,9,277.486588148239,181.718078984444,204.214252242248,182.626745974072,165.113792720515,154.878127483586,1,30.8318431275822,24.0037175623267,24.5720668030321,17.5514762878801,13.6511482239067,18.5777037672487,33,1017.45082321021,665.838893796225,600.357838868199,664.1319924018,611.525446357267,601.532020237519,0,0,0,9.21642396340567,47.029689661614,36.5786475145887,33.2110862047692,0,0,0,0,0,0,0,4,123.327372510329,41.1091241701096,24.6654745020657,17.6181960729041,13.7030413900365,11.2115793191208
1750,10,123.542202016209,199.091772372453,199.743344902702,196.48812868165,156.836780154746,165.719112411343,1,12.3542202016209,14.3953544430677,14.402230537396,17.5514762878801,17.6638282929248,14.4522231487567,21,259.438624234038,590.890049038254,601.585860454744,561.256750157998,630.582236991426,592.608943303073,0,0,6.88584305097934,4.1315058305876,6.58315997386119,40.5913275836067,33.2110862047692,0,0,0,0,0,0,0,0,0,41.1091241701096,24.6654745020657,17.6181960729041,13.7030413900365,11.2115793191208
1751,19,196.246526952911,192.368229858795,190.324191335535,161.69436058396,190.255889201299,210.667392900476,0,0,4.11807340054029,8.63721266584061,15.446467615449,17.6638282929248,16.1189953776645,48,495.780699670512,423.283748373027,539.935640775951,576.32078405485,549.307401136043,624.059336886806,2,20.657529152938,6.88584305097934,4.1315058305876,8.11023568201441,9.13291560424347,41.5449473493083,0,0,0,0,0,0,0,0,0,0,24.6654745020657,17.6181960729041,13.7030413900365,11.2115793191208
1752,11,257.315960607266,183.530722171076,142.04969783012,184.072436959688,226.407869400027,235.361723390874,0,0,0,9.69366816455675,11.3285977071951,14.0510853140143,25.379369311564,22,514.631921214531,474.262918811835,459.233486245862,530.663937571165,580.406451246221,589.01394289385,0,0,6.88584305097934,11.3543299548202,8.11023568201441,16.4937913737813,21.9798292615198,0,0,0,0,0,0,0,0,0,0,0,17.6181960729041,13.7030413900365,11.2115793191208
1753,8,97.0296789530498,130.153253393826,177.495653710673,230.865541380445,240.575890356193,228.324893832992,0,0,12.0380402070543,7.22282412423258,9.54326219153856,22.166532415694,20.7567164635475,34,412.376135550461,513.649369108254,487.551623110782,497.940000580193,583.337147178457,567.304429221963,0,0,12.0380402070543,11.3543299548202,21.2063031948617,24.0392812458475,19.6685028375116,0,0,0,0,0,0,0,0,0,0,0,0,13.7030413900365,11.2115793191208
1754,1,36.1141206211629,144.638593664396,259.254012138799,252.022031863042,232.217977469532,261.161674000854,1,36.1141206211629,12.0380402070543,10.8897230278298,22.330389773149,18.7407720681849,18.1362537946587,17,613.940050559769,475.781831556288,546.07213603136,567.592125308838,500.252296031884,541.169228367433,1,36.1141206211629,12.0380402070543,25.5573186422187,30.9076473160897,24.0392812458475,21.85607871905,0,0,0,0,0,0,0,0,0,0,0,0,0,13.3991552006592
1755,9,300.771981418975,313.97480704456,262.118347096223,252.881866893809,274.638847093883,249.437137765831,0,0,18.1495383797163,31.2625456824086,22.330389773149,17.3680809346714,15.3333589648785,12,401.029308558634,601.117541130602,592.546451255365,535.293048626057,519.552451621946,497.616698954308,0,0,42.5955310703645,39.1392004119379,27.9565717228128,26.7129851010611,26.9191476814246,0,0,0,0,0,0,0,0,0,0,0,0,2.67370385521359,2.18757588153839
1756,33,605.038319093543,392.482645302301,283.16548573927,288.312448040681,269.335531828336,252.00382636309,1,18.3344945179861,40.06620259696,31.2625456824086,22.330389773149,17.3680809346714,28.0080459089182,43,788.383264273404,645.472023388864,564.008656723482,523.651349101782,524.284929399204,487.829167349946,5,91.6724725899307,53.1939604795089,39.1392004119379,31.3941909652303,30.6058994825259,26.9191476814246,0,0,0,0,0,0,0,0,0,0,0,3.43761924241747,2.67370385521359,2.18757588153839
1757,8,271.637635394384,359.647108885404,377.008667342111,295.667735270672,257.608844714868,265.663784263382,3,101.864113272894,40.06620259696,24.039721558176,22.330389773149,34.2320561109,29.5080721593776,22,747.003497334556,601.691308166335,527.848651520448,541.650901118264,483.967579996041,522.259585926974,2,67.909408848596,53.1939604795089,36.7290432270898,39.350442191819,30.6058994825259,28.0412429866218,0,0,0,0,0,0,0,0,0,0,4.81266693938446,3.43761924241747,2.67370385521359,5.18762838245716
1758,6,202.265372168285,326.411012066012,346.557608970914,312.190828979943,285.328443037431,251.113860830011,0,0,33.954704424298,24.039721558176,38.8534834824196,36.0654215281281,29.5080721593776,8,269.687162891046,483.276894923401,555.317389741889,475.627433407734,535.316376492414,537.371922169411,0,0,30.6575811818394,47.867794944314,34.1912821030814,34.2726303169822,28.0412429866218,0,0,0,0,0,0,0,0,0,8.02111156564077,4.81266693938446,3.43761924241747,6.34043468966986,5.18762838245716
1759,21,505.330028635368,285.370696788881,255.905100469417,318.724269328106,292.123185506212,260.328709703899,0,0,0,50.7279779717902,41.2106675902843,32.05274145911,29.5080721593776,18,433.140024544601,413.733395700495,427.99589220442,543.268289901903,542.752773083699,553.990368910046,1,24.0633346969223,26.5856977610145,29.5333004263279,38.9056503188109,30.2599502479641,28.0412429866218,0,0,0,0,0,0,0,1,24.0633346969223,8.02111156564077,4.81266693938446,8.15198745814696,6.34043468966986,5.18762838245716
1760,8,148.51668956299,268.540831594805,270.878786161763,246.185481291913,280.747744966972,268.410793990997,0,0,50.5919255286856,33.655213068222,38.5914540877149,32.05274145911,28.2913677686808,29,538.372999665837,374.429600265499,453.498253541072,527.908912131608,564.324966543567,526.074003074361,3,55.6937585861211,26.5856977610145,22.55153415863,25.8095828059637,30.2599502479641,26.824538595925,0,0,0,0,0,0,0,0,0,8.02111156564077,11.4127824414057,8.15198745814696,6.34043468966986,5.18762838245716
1761,3,151.775776586057,215.599510001721,249.879072296145,235.721964316404,227.412048154272,245.556337804296,3,151.775776586057,56.09202178037,33.655213068222,24.0394379058729,32.5411723263892,28.2913677686808,3,151.775776586057,521.554693423238,535.73434493913,506.219705326307,510.822384553993,543.478207785679,0,0,29.5647786987425,22.55153415863,16.1082386847357,22.5997168850272,31.3129898109488,0,0,0,0,0,0,0,0,0,11.0001925033688,11.4127824414057,8.15198745814696,6.34043468966986,5.18762838245716
1762,21,346.506063856118,198.516214427455,188.491669882234,224.686489403683,202.71597348437,195.284006522473,1,16.5002887550532,56.09202178037,33.655213068222,27.286633952087,21.2229375182899,26.624595539773,53,874.51530401782,569.052900161737,568.1421499697,511.530114394333,493.652613781613,504.925067847594,2,33.0005775101064,11.0001925033688,17.7388672192455,19.3554347309498,20.5401118313233,22.9791286664096,0,0,0,0,0,0,0,2,33.0005775101064,11.0001925033688,6.60011550202129,8.15198745814696,6.34043468966986,5.18762838245716
1763,1,97.2668028401906,214.055294420708,183.791741525485,159.549765793668,186.024562687171,182.046037319884,0,0,5.5000962516844,38.2012875329218,27.286633952087,21.2229375182899,17.3642216058735,7,680.867619881334,716.853991198868,521.839555309979,534.292333799838,504.165009566437,462.792471896569,0,0,11.0001925033688,11.146189966721,22.9710959692839,20.5401118313233,25.3978170096672,0,0,0,0,0,0,0,0,0,11.0001925033688,6.60011550202129,4.71436821572949,6.34043468966986,5.18762838245716
1764,2,198.393016565817,140.225622395083,163.311178881326,145.767763712311,143.879001079453,215.342492543133,0,0,7.57679077449955,7.84613221571037,27.286633952087,21.2229375182899,20.8098360278372,6,595.179049697451,527.635565315339,609.979512069394,509.424580269642,487.543333714068,469.285986885966,0,0,7.57679077449955,21.0207826397733,15.0148447426952,28.3680724899352,28.8434314316309,0,0,0,0,0,0,0,0,0,0,6.60011550202129,4.71436821572949,3.66673083445627,5.18762838245716
1765,11,125.017047779243,124.261009236774,104.418501108801,142.088363366576,190.546744419567,181.645398883922,2,22.7303723234987,7.57679077449955,4.54607446469973,5.60438015407884,25.4342440340233,20.8098360278372,27,306.860026367232,498.171545482606,507.936196256723,528.248746739246,465.625870170576,473.436731607061,2,22.7303723234987,24.0344452295866,14.420667137752,28.5169848318993,26.3911836072107,36.1774109913894,0,0,0,0,0,0,0,0,0,0,0,4.71436821572949,3.66673083445627,3.00005250091877
1766,1,49.3729633652612,75.4775620459995,110.169135373944,173.805551333418,188.645213508233,197.929524309259,0,0,7.57679077449955,4.54607446469973,8.66173299501423,8.57026885779476,20.8098360278372,12,592.475560383134,421.211437234943,428.471660655113,452.048821561616,501.961696825086,457.588890146701,1,49.3729633652612,24.0344452295866,33.3236632626378,29.21715356497,38.0286402576847,37.7333737308671,0,0,0,0,0,0,0,0,0,0,0,0,3.66673083445627,3.00005250091877
1767,1,52.0426749934947,75.8118708415537,184.195807985584,179.147722125399,186.54921410663,196.509572568794,0,0,0,12.1264261930199,8.66173299501423,6.73690344056663,7.01203815637753,7,364.298724954463,413.439742403628,377.659016270505,423.181763932374,445.242967889981,530.436015192204,0,0,47.9626479965634,40.904014990958,44.1795978298651,42.4518370588257,53.2056813946105,0,0,0,0,0,0,0,0,0,0,0,0,0,3.00005250091877
1768,4,126.019974165905,248.863009594472,186.124798106546,197.611872507666,190.87027017338,168.396853570796,0,0,12.6339195472003,7.58035172832019,8.66173299501423,6.73690344056663,5.51201190591815,9,283.544941873287,329.653164867386,412.046654292387,390.162863061578,475.490360357232,488.200778795997,3,94.514980624429,44.1389130886766,57.3053624971114,54.5809333613473,61.3624353145121,50.2056288936917,0,0,0,0,0,0,0,0,0,0,0,0,0,0
1769,15,568.526379624015,276.402784057992,241.778619281832,199.203195316481,172.967285541416,180.873651162067,1,37.901758641601,12.6339195472003,7.58035172832019,5.41453694880014,6.73690344056663,5.51201190591815,9,341.115827774409,367.819662041446,366.360890936136,482.48202387863,454.906877464131,530.961781307492,1,37.901758641601,79.0512830400986,61.9926395681343,75.6473636438729,61.3624353145121,65.7105265032241,0,0,0,0,0,0,0,0,0,0,0,0,0,0
1770,9,134.661998384056,343.610149083254,258.601345771322,197.473651246892,185.133344270854,171.447960827178,0,0,12.6339195472003,7.58035172832019,5.41453694880014,4.21130651573344,5.51201190591815,32,478.798216476644,394.653595950977,484.119976362563,456.403758632402,548.726724257525,506.989729524736,7,104.737109854266,71.8160724054142,96.0317164283698,68.5940831631213,77.7872688013297,65.7105265032241,0,0,0,0,0,0,0,0,0,0,0,0,0,0
1771,9,327.642069241691,199.486791688896,240.850581913769,223.540637154132,190.170839772718,179.94666727328,0,0,0,7.58035172832019,5.41453694880014,4.21130651573344,3.44561442196372,10,364.046743601878,598.646370721706,509.396528719813,568.82374756859,519.72793755797,634.031725832589,2,72.8093487203757,115.913947625273,77.128720303484,92.9589222638151,72.3013839829673,75.5624645839803,0,0,0,0,0,0,0,0,0,0,0,0,0,3.9727785215702
1772,4,136.156307440942,167.021510520257,174.047621257801,219.06784411358,208.666411294147,196.304143806271,0,0,0,0,5.41453694880014,4.21130651573344,3.44561442196372,28,953.094152086595,575.689533116003,671.421092666487,575.672538741997,668.619410980098,606.227720937322,5,170.195384301178,81.0015776738512,103.659143316135,79.456782174611,86.868238562058,76.2854953059602,0,0,0,0,0,0,0,0,0,0,0,0,4.85561819303025,3.9727785215702
1773,1,37.2661548781397,135.978012887753,166.057306157398,169.064478265344,220.142548078842,233.908799160225,0,0,0,0,0,4.21130651573344,12.853571672206,11,409.927703659536,838.086834417971,641.958745388585,770.416275596169,668.962362609199,629.557398533824,0,0,113.583086002011,82.711721345282,92.7710582560703,82.7361630823481,76.2854953059602,0,0,0,0,0,0,0,0,0,0,0,6.24293767675317,4.85561819303025,3.9727785215702
1774,11,234.511576344178,122.162718034785,144.229456046332,182.58493638593,208.716715219173,251.985340934069,0,0,0,0,0,11.4986144169628,12.853571672206,54,1151.23864750778,630.884277084817,910.013793818933,742.963888461677,700.052290469375,635.585250471879,8,170.553873704857,56.8512912349522,94.3701898435702,85.9980856064666,78.5248565666147,67.693224340103,0,0,0,0,0,0,0,0,0,0,8.74011274745444,6.24293767675317,4.85561819303025,3.9727785215702
1775,2,94.7104228820382,182.574939304192,162.859235603775,202.306624192401,229.850041362965,214.358778557889,0,0,0,0,14.7839328218093,11.4986144169628,11.1651639944017,7,331.486480087134,1062.34903778284,776.721264708653,779.660807735121,685.724856771069,644.990475789874,0,0,100.551854972224,71.7963732447426,75.5967500749844,66.8873999161407,66.0048166622988,0,0,0,0,0,0,0,0,0,14.5668545790907,8.74011274745444,6.24293767675317,4.85561819303025,5.72998526572969
1776,5,218.502818686361,180.839482265519,248.544781405545,229.264570797722,210.626944056781,218.138825040551,0,0,0,20.697505950533,14.7839328218093,13.6463115487132,13.4540277566529,39,1704.32198575362,774.146657458649,818.920759679944,693.483259321593,694.672252623344,622.063139061349,3,131.101691211817,62.8093308396188,71.7963732447426,51.2831237462447,60.9451694122939,61.0609887455042,0,0,0,0,0,0,0,1,43.7005637372722,14.5668545790907,8.74011274745444,6.24293767675317,7.00331532478073,5.72998526572969
1777,4,229.305205228159,304.500635933837,266.614852872347,246.031433455993,215.08096652927,217.387019245234,0,0,34.4958432508883,20.697505950533,17.5452577054884,16.4438117025757,17.6017187370841,5,286.631506535198,870.626223601601,658.643292816766,698.432631123423,613.950403776262,642.887963297693,1,57.3263013070397,62.8093308396188,37.6855985037713,54.0444486299239,47.6295714643325,54.4419570436518,0,0,0,0,0,0,0,0,0,14.5668545790907,8.74011274745444,9.00426256043236,7.00331532478073,5.72998526572969
1778,9,465.693883886992,339.953674264446,278.599606993147,237.707281077301,246.426083264277,207.866871181292,2,103.487529752665,34.4958432508883,24.5633607876838,21.1420436175974,21.5132117897694,23.3171148711901,12,620.925178515989,419.13599941436,681.260658053809,566.34104040272,634.305082280943,584.82002105126,0,0,19.1087671023466,41.5514533409221,36.873181353448,47.6295714643325,44.6850455140144,0,0,0,0,0,0,0,0,0,0,12.6059675846053,9.00426256043236,7.00331532478073,5.72998526572969
1779,13,324.861933678187,315.063337017071,270.147545194542,269.801821450325,223.86198353021,225.843821212511,0,0,40.9389346461397,29.5988610646363,27.6598437297035,28.4986959536768,23.3171148711901,14,349.851313191893,471.783265993411,385.715763395659,603.717230419081,541.317097821837,617.474971858871,0,0,6.44309139525144,25.4021156524638,36.873181353448,35.6646252165892,52.4540572568757,0,0,0,0,0,0,0,0,0,6.44309139525144,3.86585483715087,9.00426256043236,7.00331532478073,5.72998526572969
1780,8,154.634193486035,218.579545619186,288.160945247551,243.077801457642,239.451114901268,232.142363871933,1,19.3292741857543,14.835591856839,38.723781221585,36.6411805118702,28.4986959536768,25.0432259257232,23,444.573306272349,340.340710642369,447.013424128951,405.149344936541,589.944395872518,555.969689357853,1,19.3292741857543,23.2280923184265,13.9368553910559,27.1257051053551,45.1600840134196,45.5797149200084,0,0,0,0,0,0,0,1,19.3292741857543,6.44309139525144,3.86585483715087,2.76132488367919,7.00331532478073,5.72998526572969
1781,7,176.242509693338,216.749636224192,201.309104217669,243.893144313841,248.928084558096,273.421102800909,1,25.1775013847626,30.04379211842,30.6001467660853,36.6411805118702,30.6083872425505,25.0432259257232,9,226.597512462863,421.430209645624,385.69774590092,474.07801008055,453.317568566181,558.115528398641,2,50.3550027695252,23.2280923184265,26.5107268860892,31.14468051456,41.1416858786973,45.5797149200084,0,0,0,0,0,0,0,0,0,6.44309139525144,3.86585483715087,2.76132488367919,2.14769713175048,5.72998526572969
1782,7,319.372205493202,175.683131308041,183.339238526342,220.76481027253,284.424900766165,280.15903933483,1,45.6246007847431,44.5571532148908,30.6001467660853,24.5697079186128,30.6083872425505,25.0432259257232,13,593.119810201661,378.021370013452,469.553915771194,453.185918863492,460.924146677359,472.34192182601,0,0,37.7414534148973,43.602552720384,44.7069816573195,34.7720968445818,38.9817451836522,0,0,0,0,0,0,0,0,0,0,3.86585483715087,2.76132488367919,2.14769713175048,1.75720674415948
1783,1,31.4346787375833,195.273163150779,213.171508948698,252.752612761472,265.194482618665,270.929402272874,2,62.8693574751666,36.1646527533032,30.5317362489071,24.5697079186128,19.1097728255878,25.0432259257232,10,314.346787375833,558.866253373586,475.575362516041,453.934404055479,476.467161670546,465.644996617755,2,62.8693574751666,49.4428288822134,58.7239194830964,44.7069816573195,41.2747661903482,33.7702632466486,0,0,0,0,0,0,0,0,0,0,0,2.76132488367919,2.14769713175048,1.75720674415948
1784,11,235.012605221553,190.08094318565,287.678317230186,272.46488805768,243.29640082627,262.207604966285,0,0,27.2855263583433,25.4962359719546,21.8083830349337,19.1097728255878,15.6352686754809,36,769.132162543264,519.38649663856,501.274001930628,499.111405081525,461.257607898603,503.316482010905,4,85.4591291714737,81.0881982153189,48.6529189291914,50.3062316467686,41.2747661903482,33.7702632466486,0,0,0,0,0,0,0,0,0,0,0,0,2.14769713175048,1.75720674415948
1785,16,303.795545597813,362.528233973382,282.327900243444,265.541557751009,267.198614162768,246.719596409918,1,18.9872215998633,6.3290738666211,16.371315815006,18.2115971228247,16.9620756938373,15.6352686754809,25,474.680539996582,532.967804025215,534.81250258123,497.16395033603,526.895186961746,499.60160618585,5,94.9361079993164,60.1317457235967,60.3577237515709,43.1126598225507,39.1270690585978,33.7702632466486,0,0,0,0,0,0,0,0,0,0,0,0,0,1.75720674415948
1786,17,548.776551100781,381.730739086028,301.596804005255,272.738973182625,264.782095258858,263.066320687107,0,0,6.3290738666211,3.79744431997266,11.6937970107186,14.1645755399748,24.0128546748098,11,355.0907095358,530.194520995685,514.536210954943,560.334194284455,536.049649923238,530.129400274601,0,0,51.1533773704048,47.7838522565376,43.1126598225507,33.5320687508727,32.0130565024891,0,0,0,0,0,0,0,0,0,0,0,0,0,0
1787,5,292.62012055949,323.05862306897,328.545105663847,290.318853299848,266.457201374626,247.044274351349,0,0,0,3.79744431997266,2.7124602285519,21.4821443614891,21.7239909125587,13,760.812313454673,442.956117411624,567.772082014418,559.568607390236,556.856231150677,566.681192367248,1,58.5240241118979,19.5080080372993,30.6920264222429,34.131323040384,33.5320687508727,27.4353289779868,0,0,0,0,0,0,0,0,0,0,0,0,0,0
1788,3,127.779197546639,263.384477206881,298.684764455914,304.523932630357,262.964459292673,252.266919575997,0,0,0,0,18.6385631111765,14.4966601975817,17.5762999321275,5,212.965329244399,669.696386846569,534.633509838361,561.175304348142,591.780724273582,550.823967496827,0,0,19.5080080372993,11.7048048223796,21.9228760158878,26.5465845869653,38.8541563405422,0,0,0,0,0,0,0,0,0,0,0,0,0,0
1789,10,369.754113514513,217.342383539767,255.819086342781,261.124568973527,278.720981264092,265.474682908995,0,0,0,22.2965440356745,15.9261028826246,14.4966601975817,11.8609037980214,28,1035.31151784064,519.088175400443,619.691176180922,583.173402274627,552.842743616222,650.770678026708,0,0,0,11.7048048223796,8.36057487312828,31.0074703443693,38.4939140064533,0,0,0,0,0,0,0,0,0,0,0,0,0,0
1790,4,154.493839558148,286.232037869259,197.295062230883,236.559533525462,264.601484575509,269.207443180594,0,0,37.1609067261241,22.2965440356745,15.9261028826246,12.386968908708,13.7914839952881,8,308.987679116295,708.226079401846,593.262158586383,592.25906328766,657.184972861549,654.211619837091,0,0,0,0,26.3044464428582,27.0042018777995,34.5860626581254,0,0,0,0,0,0,0,0,0,0,0,0,0,0
1791,6,334.448160535117,162.980666697755,247.103483314421,220.002384217044,234.301086476437,280.497463020971,2,111.482720178372,37.1609067261241,22.2965440356745,15.9261028826246,14.7465669275895,12.0653729407551,14,780.379041248607,572.67798194896,634.407160062909,685.537390394781,707.395174297291,652.014418961034,0,0,0,25.1214201976218,26.3591132554711,31.7233979155625,38.2421800316409,0,0,0,0,0,0,0,0,0,0,0,0,0,0
1792,0,0,237.089821166482,208.496675691632,241.187208597401,249.341713507823,281.483736523223,0,0,37.1609067261241,22.2965440356745,18.9598717640437,14.7465669275895,16.6903775657597,6,628.667225481978,609.245534452538,710.096977135687,770.396989425221,672.917287286767,675.233500866926,0,0,41.8690336627031,36.9027585576595,32.4266510183093,40.237772915128,65.9922077816687,0,0,0,0,0,0,0,0,0,0,0,0,0,0
1793,9,376.821302964328,184.513792788298,232.812501421829,249.506015787036,297.324642627703,271.031082696899,0,0,0,26.5438204696612,18.9598717640437,20.3993503581508,22.0734360042421,10,418.690336627031,820.372721771178,809.695945803923,686.85410549941,717.087874093013,654.516271044661,3,125.607100988109,61.5045975960992,45.3973114256329,51.7342794623075,74.1544734984953,60.6718419533143,0,0,0,0,0,0,0,0,0,0,0,0,0,0
1794,3,176.720075400566,276.538115524676,251.520022083198,307.381975796667,275.978733178304,288.197568397451,0,0,7.07879405664451,4.24727643398671,26.2277361747653,26.9786440051848,22.0734360042421,24,1413.76060320452,879.811154096343,743.722403626193,729.927381411455,661.266903822915,700.571187446557,1,58.9066918001885,75.6621857093883,72.4279912472305,95.3414659266368,74.1544734984953,68.5216900587535,0,0,0,0,0,0,0,0,0,0,0,0,0,0
1795,13,276.072968209136,293.592935817221,363.44513400831,284.980942644496,293.991699922144,309.47151346502,1,21.2363821699335,7.07879405664451,14.4222866089969,18.7607251240416,26.9786440051848,22.0734360042421,38,806.982522457474,890.418152007319,740.08908062992,694.576487720191,706.887096106133,760.13823363575,2,42.4727643398671,78.844285082681,133.478052297292,95.3414659266368,83.748732294032,72.1808870845581,0,0,0,0,0,0,10.977591077414,0,0,0,0,0,0,0
1796,19,427.985763841961,421.228097225552,323.609059109428,330.211019823455,323.916072002439,320.48425151461,0,0,24.0371443483281,26.2650151736582,18.7607251240416,14.5916750964768,38.7785243741596,20,450.511330359959,622.664821106014,762.935570386465,707.562514032088,808.017094403149,773.811165549971,6,135.153399107988,160.958822899387,108.35663209967,107.676941520898,88.2210842144599,88.8859754544756,0,0,0,0,0,13.4170557612837,10.977591077414,0,0,0,0,0,0,0
1797,11,559.62555962556,388.41741731248,351.587152079858,362.631906436803,354.542067347288,329.315562066661,1,50.8750508750509,36.6962312327858,26.2650151736582,18.7607251240416,35.0090053263759,28.6437316306712,12,610.50061050061,531.311575423442,624.097331678612,889.256612502762,789.208506035455,766.248344378848,6,305.250305250305,146.801234786098,113.844959571598,95.4832367060043,108.638414444359,94.9222352671705,0,0,0,0,17.2505002645077,13.4170557612837,10.977591077414,0,0,0,0,0,0,0
1798,3,177.640928469919,351.292342782731,417.126060289584,376.762461108671,360.627764418771,352.951334808706,1,59.2136428233065,36.6962312327858,22.0177387396715,45.011578276769,35.0090053263759,28.6437316306712,9,532.922785409758,620.997601858542,800.810632371467,752.917944926792,820.152691784258,750.45938072452,0,0,130.532878136712,113.400640160395,113.318848172991,102.059720772307,124.466951194727,0,0,0,24.1507003703107,17.2505002645077,13.4170557612837,10.977591077414,0,0,0,0,0,0,5.90894318551127
1799,11,316.610540252713,366.006325993467,386.65569914192,398.979548022749,369.880367170097,366.24144838479,0,0,19.7378809411022,58.7689331534899,41.9778093953499,35.0090053263759,28.6437316306712,25,719.569409665256,981.013740332255,802.586352334022,737.233014342332,713.622472015352,740.924580247586,3,86.3483291598308,42.199832147894,123.121154752616,116.736861544387,131.624741150411,113.048123832171,0,0,40.2511672838512,24.1507003703107,17.2505002645077,13.4170557612837,10.977591077414,0,0,0,0,0,7.22204167118044,5.90894318551127
1800,15,603.767509257769,398.670669204707,361.049102538344,374.980653211397,397.318098735888,363.956877712611,0,0,61.2519906896974,48.5939229784797,41.9778093953499,32.6494073074944,32.0889543126392,42,1690.54902592175,956.50278858658,819.923831907151,737.872627902962,658.825250784605,660.634006594727,1,40.2511672838512,103.451822837591,75.3508652904835,143.856643843692,126.905545112648,111.138192714122,3,120.753501851554,40.2511672838512,24.1507003703107,17.2505002645077,13.4170557612837,10.977591077414,0,0,0,0,9.28548214866057,7.22204167118044,9.35416586747932
1801,3,275.633958103638,436.998014656363,377.51961687686,369.750223593639,366.607435865292,423.874071035698,2,183.755972069092,61.2519906896974,36.7511944138185,34.7099449846284,36.8602350298998,30.1583741153726,5,459.389930172731,949.042321486913,804.336999882073,695.487902314411,667.72002441384,662.840613220863,2,183.755972069092,96.801999097529,140.349240331108,100.249457379363,116.099328489721,126.169195850157,0,0,40.2511672838512,24.1507003703107,17.2505002645077,13.4170557612837,10.977591077414,0,0,0,12.9996750081248,9.28548214866057,11.4328693935858,9.35416586747932
1802,13,431.592576607682,322.406678291272,418.800019286568,366.02863352745,408.33371754724,401.646841462075,0,0,61.2519906896974,36.7511944138185,31.6647745101058,31.2074515993386,33.4944875432291,21,697.188008366256,537.188854607785,723.184624225172,695.150974830599,692.248311618769,678.598966007155,2,66.3988579396434,191.715568403952,123.079574499141,105.663378736741,105.27304999927,127.226976915402,0,0,0,24.1507003703107,17.2505002645077,13.4170557612837,10.977591077414,0,0,21.6661250135413,12.9996750081248,14.6994035060389,11.4328693935858,9.35416586747932
1803,4,259.993500162496,404.866209690478,328.364477036333,454.393141314647,408.983196443039,378.568131430389,0,0,0,44.3306843141482,31.6647745101058,28.7056299196848,31.1858446551715,7,454.988625284368,488.661388343792,491.187677645437,711.106087070559,702.351692240927,692.58976261551,5,324.99187520312,130.463577714254,122.608830942701,123.015588690514,121.582937868791,113.375119587056,0,0,0,0,17.2505002645077,13.4170557612837,10.977591077414,1,64.998375040624,21.6661250135413,20.5791649084545,14.6994035060389,11.4328693935858,9.35416586747932
1804,10,523.012552301255,311.531950156782,460.270104368224,394.35295978241,407.777553001294,396.282495725607,0,0,12.6324831672162,7.57948990032971,36.9072384681661,31.5367387092867,25.8027862166891,6,313.807531380753,433.120149896067,565.560730679886,558.720970654476,707.332799299511,711.869315890501,0,0,120.963108234923,127.420396296131,138.235277767919,128.975331810865,120.63159236077,0,0,0,0,0,13.4170557612837,10.977591077414,0,0,34.2986081807575,20.5791649084545,14.6994035060389,11.4328693935858,9.35416586747932
1805,4,151.589798006594,536.58814835698,410.648836753109,398.656644235748,382.081044830133,385.8777584305,1,37.8974495016485,12.6324831672162,14.9189394416141,14.2963823306411,31.5367387092867,25.8027862166891,14,530.564293023079,558.542339916268,550.893771208469,602.293748228731,602.271559912056,703.001727601081,1,37.8974495016485,81.9037494459638,143.49842287334,133.824406706407,133.372002169422,115.609134884793,0,0,0,0,0,0,10.977591077414,1,37.8974495016485,12.6324831672162,20.5791649084545,14.6994035060389,11.4328693935858,9.35416586747932
1806,9,935.162094763092,423.412710433932,419.802086576011,390.214695537126,373.917097263788,357.238976604606,0,0,24.8648990693569,20.0149352628975,14.2963823306411,11.1194084793875,27.4433595642626,8,831.255195344971,661.890899792408,612.775920790098,609.123728667073,620.342227501934,595.251506249343,2,207.813798836243,130.833413054526,109.076022760416,135.74188421658,116.410371597754,118.512231249283,0,0,0,0,0,0,0,0,0,12.6324831672162,7.57948990032971,14.6994035060389,11.4328693935858,9.35416586747932
1807,5,183.48623853211,474.802694190736,389.699363259226,381.952542657702,358.044689771039,340.81079333985,1,36.697247706422,20.7257422709464,20.0149352628975,14.2963823306411,13.1245536819774,10.7382711943451,17,623.853211009174,739.835926515553,699.013988800878,632.986201980969,599.020958911532,605.265481065269,4,146.788990825688,169.160888100145,125.040262862588,93.7575158910028,117.05330152593,108.279229846955,0,0,0,0,0,0,0,0,0,0,7.57948990032971,5.41392135737836,11.4328693935858,9.35416586747932
1808,24,305.759749277006,287.248307842147,399.813089659213,348.485165067943,339.703627774241,319.241505491886,2,25.4799791064171,20.7257422709464,12.4354453625678,16.8744261625423,13.1245536819774,12.9465713111642,60,764.399373192514,711.083485212114,717.306317892589,660.341781934095,611.749295340815,605.925456419726,12,152.879874638503,126.496688658349,123.681032347074,104.069691218608,88.8534216859715,113.284470618356,0,0,0,0,0,0,0,0,0,0,0,5.41392135737836,4.21082772240539,9.35416586747932
1809,14,372.498935717327,293.472371666954,270.528852541182,340.390042808618,303.183389771888,315.110982100072,0,0,8.49332636880571,16.0447067272296,11.460504805164,15.8235871580896,12.9465713111642,28,744.997871434653,710.474394369601,652.114597034123,665.910261951929,655.153762661319,607.230587074779,3,79.8212005108557,87.9341240244801,96.5553180384725,108.826192238871,102.348589066533,91.0542231971361,0,0,0,0,0,0,0,0,0,0,0,0,4.21082772240539,3.44522268196805
1810,13,202.158430006531,287.799424965599,252.816393273024,234.55694502533,310.179828088105,300.660672072214,0,0,6.01543560776954,8.70525718594515,14.9306907030225,11.6127594356842,14.014193428451,40,622.025938481635,624.106800322976,641.252685461872,647.794910797688,648.351625935415,651.300933652033,2,31.1012969240817,61.035908242724,81.4361112020328,96.4894361801288,107.077667296317,96.3923337835703,0,0,0,0,0,0,0,0,0,0,0,0,0,3.44522268196805
1811,16,288.740909172938,195.274427123596,230.530525473639,238.995731356821,246.723944447185,301.999730286661,1,18.0463068233086,6.01543560776954,8.46752162166369,9.68822674496223,12.9176309123681,12.1605443193587,28,505.296591052641,565.622060894064,629.262358276426,625.722318152084,644.721197978257,681.85070796183,4,72.1852272932344,58.1598269536019,75.1514375593421,87.0137451435597,90.5116025868202,95.3344714609159,0,0,0,0,0,0,0,0,0,0,0,0,0,0
1812,4,94.9239421913192,192.665087214779,198.942286900682,247.324216030793,244.816522206452,230.010256170688,0,0,14.1125360361061,8.46752162166369,7.72592162835337,10.7854155340582,12.8841699733354,24,569.543653147915,593.095993821947,574.131796487484,630.605456800374,671.694375691777,653.317721348045,3,71.1929566434894,88.278230120591,75.2790281711118,73.5622225453129,77.1195996009048,82.2313131621618,0,0,0,0,0,0,0,0,0,0,0,0,0,0
1813,8,194.330410280079,167.937365107981,231.322429298338,217.870002123391,226.762981118717,229.513136981628,1,24.2913012850098,8.09710042833661,10.8162902796947,10.226965814301,8.83873809931673,14.3078941778976,29,704.447737265285,581.112150967714,609.442877537267,647.978876656975,644.249150069645,673.713162719666,5,121.456506425049,91.036205546081,80.8026120764506,65.9107601798264,67.2083977021766,79.3585022420567,0,0,0,0,0,0,0,0,0,0,0,0,0,0
1814,16,214.557742852545,257.649098375811,206.838135136854,209.45849490637,205.153980200398,212.049377624345,0,0,12.0117148583883,10.7084907753597,11.3640918419786,14.6563174278285,15.0305269956801,35,469.345062489943,657.458047828592,681.705921412909,633.031220101503,655.716393921018,682.628370123279,6,80.4591535697045,86.8782921485098,71.6177594082938,70.5647259835217,71.1380499459184,74.5773154845633,0,0,0,0,0,0,0.607798910945911,0,0,0,0,0,0,0
1815,31,364.059141994809,248.312107737624,216.508922596067,193.640926089159,195.320643127104,200.088417772531,1,11.7438432901551,9.75038419726286,12.3004672141084,16.2657928610211,18.3706441058312,15.0305269956801,68,798.581343730549,711.512738883782,671.275659301992,682.017859393555,682.432029048864,728.064619656018,5,58.7192164507757,55.1464446576434,70.1149795895855,76.7079893279927,78.8253303216955,77.0553226036725,0,0,0,0,0,0.742865335600558,1.82460889754883,0,0,0,0,0,0,1.21680998660292
1816,19,166.319438365518,224.55215328257,213.246426030543,196.317276682811,190.008139590931,208.664022377642,2,17.5073093016334,12.403678261844,17.9138497484275,21.0413557327389,16.3654989032414,15.8232812220511,99,866.611810430855,727.528498918245,700.026725068337,723.864002462746,764.598698520214,753.170492382989,3,26.2609639524501,49.5530793177247,68.8612924454821,80.864255565505,82.7024471581202,78.1917031060654,0,0,0,0,0.955112574343575,2.23007754144857,1.82460889754883,0,0,0,0,0,1.48721220584802,1.21680998660292
1817,18,143.277879487384,162.538415101787,193.066556729411,202.974129120997,212.404377198867,200.310632718909,1,7.95988219374353,25.9418018173275,24.5996377688325,17.5711698348804,17.3344207354726,15.6740231996812,65,517.39234259333,744.069073040398,778.651043496798,801.05669946696,801.11501911248,772.852312959892,8,63.6790575499483,68.3760307356435,72.8268257927563,78.8103659077919,79.6367278033329,73.120725040975,0,0,0,1.337157604081,2.86724255329102,2.23007754144857,1.82460889754883,0,0,0,0,1.91212997894745,1.48721220584802,1.21680998660292
1818,17,178.017927452459,144.984734428909,168.440403799925,214.678748808168,212.684734159623,209.183334734888,5,52.3582139566055,31.2490120841247,22.2508691108015,18.8169264763205,16.4581059901649,15.6740231996812,81,848.203066097009,742.687354440862,867.894098009646,862.32033889387,803.042672460623,794.001247661248,11,115.188070704532,93.0513161868519,82.4988382668126,73.5449843193203,67.9642791535763,72.4826885087511,0,0,2.22859600680167,4.01413957460743,2.86724255329102,2.23007754144857,1.82460889754883,0,0,0,2.67698197052643,1.91212997894745,1.48721220584802,1.21680998660292
1819,17,113.658396346885,177.534900382241,194.47453225937,190.792246084179,210.236503216793,200.536885934456,5,33.4289401020251,28.5957180195435,20.493466548491,19.4827300887612,16.4581059901649,13.4657230828622,129,862.466654632248,985.155445674682,874.209843619137,851.351092275017,840.024547168722,799.113510635086,15,100.286820306075,107.518056610555,85.9669419664032,67.5000203373867,66.1548792890565,64.4478386360293,1,6.68578802040502,6.69023262434572,4.01413957460743,2.86724255329102,2.23007754144857,1.82460889754883,0,0,4.46163661754405,2.67698197052643,1.91212997894745,1.48721220584802,1.21680998660292
1820,36,240.928377347379,217.025618119002,205.18968094727,194.535706941545,180.809873381295,194.964776092106,0,0,14.0497455307019,22.1823838251903,16.9816859028136,15.153234513481,22.7544827547832,186,1244.79661629479,1001.81793646845,915.090698580187,842.146824336727,835.81357897394,830.755855056823,16,107.079278821057,83.6558605258453,76.5120241718617,72.9162475997547,63.305317219538,71.066509637574,2,13.3849098526321,6.69023262434572,4.01413957460743,2.86724255329102,2.23007754144857,1.82460889754883,2,13.3849098526321,4.46163661754405,2.67698197052643,1.91212997894745,1.48721220584802,1.21680998660292
1821,34,296.490080662743,244.757360312335,208.090828330194,188.241648939822,179.359328516982,169.051289090046,1,8.72029649008066,8.37492168910703,11.7107410338692,15.844559875136,24.560906412314,23.4825602959543,103,898.190538478308,954.927924057226,905.88647233335,876.902579677325,830.346805718183,788.684445275103,5,43.6014824504033,55.6950766162336,66.3093209887605,68.543976210492,77.4168250677876,71.1154980265137,0,0,4.46163661754405,4.01413957460743,2.86724255329102,2.23007754144857,1.82460889754883,0,0,4.46163661754405,2.67698197052643,1.91212997894745,1.48721220584802,1.21680998660292
1822,12,196.853622926885,228.622455985569,205.203043755882,184.705449958999,172.218540237511,170.678192337616,1,16.4044685772404,8.37492168910703,5.02495301346422,22.9614373657825,25.8712190844578,21.8909867230785,44,721.796617398579,807.389696913238,885.529667402403,872.503691824759,810.169416111328,786.458592000108,1,16.4044685772404,41.39350193889,52.8665884925672,73.9834710508012,76.9256063099169,80.690174945693,0,0,0,2.67698197052643,2.86724255329102,2.23007754144857,1.82460889754883,0,0,0,2.67698197052643,1.91212997894745,1.48721220584802,1.21680998660292
1823,6,192.523664367078,162.865586923097,187.670275203746,179.75579119118,172.907145419326,174.02475284081,0,0,5.46815619241348,25.4602242916904,21.0076882430699,20.0536397559461,24.8055437968293,25,802.181934862827,761.553727412972,800.052514369255,797.265003467528,809.494344812317,832.196584048675,2,64.1745547890261,37.8840603971252,62.1036396456951,68.1222236826635,78.7471995720158,82.1775351693345,0,0,0,0,1.91212997894745,2.23007754144857,1.82460889754883,0,0,0,0,1.91212997894745,1.48721220584802,1.21680998660292
1824,3,99.2194734753274,148.335890809701,144.174416065627,171.65393358281,180.288439716618,169.47171375761,0,0,34.0587854637104,27.6667042422817,21.0076882430699,20.7859808562769,20.0457061644106,23,760.68262997751,793.425138656462,687.573573899919,739.740833197687,827.054744867352,853.945689773194,1,33.0731578251091,83.5040824002773,65.2349609014368,71.6226710030014,76.4975550946747,71.7058923780134,0,0,0,0,0,1.48721220584802,1.82460889754883,0,0,0,0,0,1.48721220584802,1.21680998660292
1825,3,153.264534586697,110.498264344724,141.646766298009,155.025357062777,167.73356418216,168.43886257935,2,102.176356391131,40.6430175447228,24.3858105268337,25.4790758880587,20.7859808562769,20.388431721616,16,817.410851129049,637.963105746064,711.639735301385,757.215078433295,809.571035175344,877.836663647203,3,153.264534586697,81.8652603803058,88.2705491986732,76.8281763686588,64.5998574478905,73.5794990776133,0,0,0,0,0,0,1.21680998660292,0,0,0,0,0,0,3.75310007055412
1826,4,79.0107849721487,138.830231215879,139.160042429095,145.179767721402,146.156558929192,156.591041033727,1,19.7526962430372,40.6430175447228,32.3898125278342,23.1355803770244,23.9502724941884,24.4103350069077,17,335.795836131632,665.111370555529,755.305399354332,809.450308671601,834.801793927348,804.892367746048,3,59.2580887291115,114.701677793077,91.443642242869,74.4846808576245,73.1881920646984,67.8669224700816,0,0,0,0,0,0,0,0,0,0,0,0,3.09991010260702,4.54724172659705
1827,7,184.215374088792,147.772068027817,144.903047241482,132.290249009824,136.573083086819,151.026513485362,0,0,19.9242354160132,32.3898125278342,28.4497119814936,27.043213334296,23.6175807805367,32,842.127424405905,732.811171888367,820.657519172174,855.605370440675,803.758765481071,752.648717133679,5,131.582410063423,90.2935062675131,84.8290106778472,82.5878150308599,76.281132904806,63.9031513382267,0,0,0,0,0,0,0,0,0,0,0,3.98559870335189,5.55773988806306,4.54724172659705
1828,9,180.090045022511,164.079972216188,134.709547001349,133.916372848423,141.323817893891,140.930737382926,2,40.0200100050025,13.3400033350008,19.3943254958648,34.7698457155234,27.043213334296,27.3262706553383,51,1020.51025512756,983.360302866729,882.228822395634,810.137760641329,750.573037356563,749.43090522478,4,80.040020010005,70.5408100244759,78.3554025608426,84.1832119327312,69.1506268171364,67.6118412130283,0,0,0,0,0,0,0,0,0,0,5.57983818469264,7.14566557036679,5.55773988806306,4.54724172659705
1829,2,127.934497537261,136.773858648601,141.027858076024,145.632907568999,139.832774818864,138.793611054596,0,0,25.7396437454289,24.2919734748991,20.1732233739332,33.3987752454134,31.1675268997805,17,1087.44322906672,1077.74028381354,903.551527445725,739.580550728929,742.319488070249,807.107987093739,0,0,66.978838003893,75.3519720426621,62.288278420346,71.8313934143529,73.3015595109888,0,0,0,0,0,0,0,0,0,9.29973030782107,10.0039317985135,7.14566557036679,5.55773988806306,6.46786984881814
1830,11,102.297033386032,113.611290422938,151.240838784411,146.602807687276,141.582857059837,140.304482641507,4,37.1989212312843,27.1466191231643,24.2919734748991,25.5228463677932,26.7407155007171,31.1675268997805,121,1125.26736724635,885.039985898385,799.828118912994,789.666957910223,811.121597436063,832.73243422143,13,120.896494001674,55.0458100466275,49.0354900299775,61.9942739161954,68.886606912119,79.0705952338081,0,0,0,0,0,0,0,3,27.8991909234632,16.6732196641892,10.0039317985135,7.14566557036679,7.90517425966662,8.22300713565672
1831,5,110.602340345522,149.39321712076,132.382846939926,144.431364925371,145.67488772197,134.545885972317,2,44.2409361382087,27.1466191231643,27.72798291391,31.5591061804881,24.545971473713,25.9660386472053,20,442.409361382087,630.395703456896,733.006205167618,874.595873769576,889.650009908339,856.516870910363,2,44.2409361382087,55.0458100466275,44.467497467988,61.3055662023624,73.0282138062312,69.2247271452725,0,0,0,0,0,0,0,1,22.1204680691043,16.6732196641892,10.0039317985135,10.1637954767142,10.0503420546915,8.22300713565672
1832,8,235.280277630728,143.894234592112,140.599002383565,135.252652912347,135.197620737172,141.484229795395,0,0,33.8136644460886,36.1787466516828,25.8419618940592,29.5415254306913,34.0551387085839,11,323.51038174225,484.106809841675,802.84352643855,877.744629948797,915.97359105294,889.53511777267,0,0,33.8136644460886,69.8197886813064,63.6616420260934,63.4034999783848,70.8981993983534,0,0,0,0,0,0,0,0,0,7.37348935636811,14.2293136673999,12.921868356032,10.0503420546915,11.0472356270386
1833,3,85.8000858000858,163.365212728756,143.307407892627,129.822006296397,132.446789848671,129.633781930988,2,57.2000572000572,33.1512919629737,28.738962405426,32.2648169816027,37.1762795321578,34.0551387085839,24,686.400686400686,815.513634521438,786.300362665703,876.544119326025,880.249846218434,876.631335421602,2,57.2000572000572,61.3205044222164,64.9470000361959,70.0844971136369,63.1397514787177,63.832566445344,0,0,0,0,0,0,0,0,0,7.04230311481067,12.5107775137521,12.921868356032,13.5021768774916,11.0472356270386
1834,8,169.015274755456,123.551473828963,139.170934068645,137.398511102107,124.216339853456,123.294019252381,2,42.253818688864,33.1512919629737,28.8827723003452,42.4839420797338,37.1762795321578,47.6147724314277,68,1436.62983542138,1055.19402340139,913.626421330748,815.648288521834,837.22124504926,841.183730699788,6,126.761456066592,93.4980213475903,65.0908099311151,63.9087527581122,69.1242456543088,62.2888064734128,0,0,0,0,0,0,11.4652109670476,1,21.126909344432,13.4778064998854,8.08668389993127,13.3743429962802,13.5021768774916,11.0472356270386
1835,6,115.839060931346,124.924768970804,123.1813919477,129.292526421364,125.111408983656,118.704459042316,0,0,29.0712681005562,50.6293316839855,36.163808345704,54.0626195016023,54.6556210883859,54,1042.55154838211,1186.0736795036,988.7236553057,852.473496687843,782.256715709401,774.009074286398,5,96.5325507761217,89.4179974851728,80.6240666337154,65.2829686784138,62.6978196895407,64.6357560257321,0,0,0,0,0,14.0130356263915,11.4652109670476,1,19.3065101552243,13.4778064998854,14.2999865809714,10.2142761292653,10.4022667748846,11.0472356270386
1836,2,89.9199712256092,120.363866394319,116.793464303747,111.445723268093,121.427741748213,131.406370395449,1,44.9599856128046,51.2309275103355,39.1893202439741,63.188948482316,57.752441622528,51.2739009764509,24,1079.03965470731,940.195918235479,991.480681734393,896.341528322895,771.824787613549,766.488343439864,1,44.9599856128046,73.0529399673092,79.9561447097678,74.2913487239511,60.6506540159079,60.414901557622,0,0,0,0,18.0167600910747,14.0130356263915,11.4652109670476,0,0,16.791007853475,14.2999865809714,10.2142761292653,7.94443698942854,15.2806814387658
1837,10,155.332567026003,99.7043286106438,105.060940464222,110.252758900444,122.176384041521,129.527919532884,7,108.732796918202,51.2309275103355,68.5737526974582,66.0817024860992,57.752441622528,48.887259161292,45,698.996551617012,826.074008289492,830.272035287641,848.07314576843,851.716892746018,848.913920846904,5,77.6662835130013,58.8289055687084,67.2155855602017,69.807975563302,68.9247756661814,66.2045670931269,0,0,0,25.2234641275046,18.0167600910747,14.0130356263915,14.7357339073131,2,31.0665134052005,10.3555044684002,10.074604712085,10.2142761292653,16.2185586397021,13.2697297961199
1838,2,53.8604475803194,106.515223388052,97.3829953232606,120.681727974022,122.636305714545,119.066033495711,0,0,99.3029259581621,84.0636197427661,60.0454426734043,53.3955326193505,51.6190666890608,26,700.185818544152,676.589657782926,691.466127315103,791.774501841729,925.349117908112,885.067266809515,2,53.8604475803194,64.8617971373608,53.07236442008,62.337352532712,74.5611312027043,68.9363746208957,0,0,42.0391068791744,25.2234641275046,18.0167600910747,18.0103414422715,15.6463364165694,0,0,10.3555044684002,6.21330268104011,17.8343026304124,16.2185586397021,14.1803323053762
1839,7,110.352655557833,80.5541461215638,127.802612732239,116.98177367773,117.212334210809,132.224088611808,12,189.175980956285,88.8751053942746,75.0716226202051,62.6151392693273,52.0395397434164,55.1515877040993,40,630.586603187615,559.764810083731,684.166061960535,835.565811052788,845.856601453622,885.541393157767,4,63.0586603187615,47.578517658198,58.9737862680115,63.9651677116607,63.8154008403559,67.229379906908,8,126.117320637523,42.0391068791744,25.2234641275046,23.1561532829206,19.1233000646959,15.6463364165694,0,0,0,21.1067216515325,15.0762297510947,14.9840828905229,15.9268375483849
1840,6,77.4493352265393,143.273349684958,114.723975498499,121.307425105761,129.956737671454,124.167455860834,6,77.4493352265393,88.8751053942746,56.9226384708569,60.4851245825633,62.7126273395809,64.1000178565467,27,348.522008519427,673.88264654717,814.184894209039,784.445458570454,806.863771214661,837.158093398166,2,25.8164450755131,54.4474000822456,65.0259809711637,61.8351530248967,57.3587969036971,63.0140034003755,0,0,42.0391068791744,32.4186145960888,24.5871000831804,19.1233000646959,17.4734344732679,0,0,24.8223649508207,14.8934189704924,16.5071765513545,14.9735326147309,15.8333074828623
1841,13,242.018058270502,136.468924784781,127.991792226801,132.051157255925,128.898109145802,122.727632140711,0,0,31.8124037993332,62.9326150319483,58.6744090750317,73.3489123121343,65.9182178567285,56,1042.53932793447,913.384016437809,818.387167966403,783.391104943947,787.4608693656,826.926979917337,4,74.4670948524621,69.4035989855793,60.2638680161913,56.228986143924,61.2957223350226,60.6020169668189,0,0,11.9919174476403,34.4219401164526,24.5871000831804,21.3564199117718,17.4734344732679,4,74.4670948524621,24.8223649508207,16.8967444908562,14.8136114467682,17.2066524618068,15.8963701962056
1842,5,89.9393808573022,150.718990116544,152.028999530665,135.841423957985,122.750157255135,125.232257715175,1,17.9878761714604,16.0125863256392,44.3089765137875,78.7724876987153,63.4897348770008,65.835634592316,75,1349.09071285953,1037.60907604166,830.593062575172,812.566493447034,813.128952529599,807.591332900059,6,107.927257028763,70.8147448955606,55.3367590216774,60.0192528459833,60.4439908343558,69.8637060639176,2,35.9757523429209,15.3307933149133,9.19847598894798,27.4582541722781,21.3564199117718,17.4734344732679,0,0,28.1612408180937,20.7390560254754,17.6847655358658,15.9770620836734,15.8963701962056
1843,12,120.199531221828,146.892534718761,152.617595384304,134.36261602258,129.817980028956,115.223811356757,3,30.0498828054571,48.0318491141327,56.9564195416366,54.6045189909604,68.3843537330305,62.1198790202157,72,721.197187330969,920.634658807321,941.771368484439,855.341164433517,831.591365748832,808.821155395198,3,30.0498828054571,58.8000850601373,66.2519329055217,61.0109728014459,70.7748928455304,71.0285270324447,1,10.016627601819,15.3307933149133,13.2180917136847,9.44149408120335,21.3564199117718,18.5016084978906,1,10.016627601819,9.74272842497172,24.7586717502122,20.541936964723,15.9770620836734,15.1284897540691
1844,12,230.538692077154,143.710179264572,124.214183732204,140.079975639462,122.583202420686,117.430234666955,5,96.0577883654807,88.9314071789076,60.9564595420366,49.8334096306358,54.9047431406765,68.4335035852662,36,691.616076231461,772.408933876064,919.265362916145,929.316240004635,840.695587512824,843.818282992825,2,38.4231153461923,49.6217708821279,65.3586539364293,78.2998471736427,73.821632161979,74.8133564839055,0,0,10.0382354085009,13.2180917136847,9.44149408120335,8.60004142658592,19.2908115685219,1,19.2115576730961,16.4420879661996,13.8652927801198,20.541936964723,18.4903763660845,17.4960989659631
1845,4,80.3923144947343,136.977335527296,129.720478069686,111.968775469876,122.658954505792,118.501048124239,7,140.686550365785,85.5815129110886,66.169198248598,59.5276218627928,54.0159136950116,57.4039499421674,45,904.413538065761,842.012971463408,822.716727847689,882.17127873736,922.543611246004,854.959945320532,4,80.3923144947343,62.9387099493089,73.1409156668548,80.5873070756908,81.5635351031873,76.4826663693487,1,20.0980786236836,6.69935954122786,6.02294124510052,11.0571961198962,9.56462295735752,9.05925316296883,1,20.0980786236836,19.7699454329266,13.8652927801198,13.1351846346141,21.3841209583993,18.7297515274576
1846,10,100.00100001,99.2880556831489,114.728503242,110.281878774904,109.338237318843,130.684901173416,2,20.000200002,68.2461066906841,73.7311188125264,66.8793352976634,61.5549015708113,57.1482901226689,93,930.009300093001,900.256791892005,820.982210194203,844.46606577429,890.38867356355,904.698392413736,7,70.0007000070001,99.0771933942083,85.2268019391231,78.8110662924944,82.3361989038734,89.9678241044352,0,0,6.69935954122786,6.28159857890668,7.15797918189954,11.0724205325175,10.1901179692121,2,20.000200002,13.3660928752279,16.3859329680959,16.8557133961617,14.6177968832857,23.2532107524307
1847,8,117.470852544712,87.5705032127039,84.2469856250691,110.557889112922,122.841830419975,112.587674234187,3,44.0515697042671,43.9704184437887,68.4095351825412,72.2794793086263,67.8492572419886,62.3541764183034,59,866.347537517253,836.293812224598,899.68983937152,849.030023125922,840.005808417455,876.297140143579,10,146.83856568089,102.43952661823,96.6408931791623,86.1498071858058,89.6946348075069,88.4039745043913,0,0,3.76997142361661,8.01784533429556,7.66562926398818,8.45728281315692,10.1901179692121,0,0,14.2066761812332,17.7523616996433,17.3633634782503,20.1464692693639,19.0864180045695
1848,4,45.2396570833993,80.280537873537,92.5948434437133,107.834035782971,114.258389388548,111.709459081133,6,67.859485625099,60.453641848307,53.8424032858237,69.21937771528,70.8731312916022,72.0715028111189,63,712.524599063539,888.008786232947,869.436109516846,878.177001742095,840.997849043207,843.66233365414,8,90.4793141667986,110.937150464692,96.8466440919428,105.53981644513,92.7185088571205,85.0795987481366,1,11.3099142708498,6.6637160159314,6.71226524484673,9.4427025309419,7.34432419073259,7.73049416201431,2,22.6198285416997,16.2211766241776,16.4467816101945,21.7271483070514,22.2148856053829,19.8973171376373
1849,9,78.1311039924994,81.8341215546179,114.888987195212,102.484928275006,97.5628696214982,107.073863863968,8,69.449870215555,68.3867489076171,64.769778727835,57.3019775561649,74.0754288612634,71.8563492409143,125,1085.15422211805,850.274569991325,862.563234807181,853.278718155949,874.163600737012,907.706631802244,11,95.4935715463882,89.1313182572745,117.677140122836,102.235878553308,96.3780653419837,89.8977530930603,1,8.68123377694438,11.1871087414112,9.20016781858195,6.57154844184425,8.33542313114871,6.81989165275804,3,26.0437013308331,20.7445693496574,22.3983519047353,22.946333450238,21.0713670265661,26.5366765010735
1850,18,122.131603587955,137.244808782649,99.9845290740663,99.6675017269642,96.3201662146405,97.7735028417738,10,67.8508908821973,70.6459461032696,67.4124146373774,72.2845870547979,61.5195003243102,65.4553634046526,111,753.14488879239,911.314679151705,835.318837896278,861.864224067764,932.082592836384,910.115573659826,12,81.4210690586367,117.022606922163,99.7623768370535,102.429939082303,96.6733171314152,89.9020531752159,2,13.5701781764395,11.5636416073533,9.20016781858195,7.84581850809355,6.10230328407276,6.81989165275804,2,13.5701781764395,29.790643660659,28.1248268299332,21.3634320876302,28.0659783572255,25.9559414474558
1851,17,211.471718767493,125.517294764811,106.992400492128,92.7728061967217,99.4572463060864,95.7800996433238,6,74.6370772120564,66.584239115411,78.8162108108439,69.9462476017892,62.1469163425993,61.7770867706387,72,895.644926544677,792.971789433267,890.835486378711,941.769499702458,908.538719122148,896.991018476867,14,174.153180161465,104.27966615736,95.938338745686,93.3172269278352,93.1699522695156,90.1865024174849,1,12.4395128686761,8.66989701503851,8.722163057161,7.84581850809355,6.10230328407276,4.99279359605953,4,49.7580514747043,30.6535347590444,25.3848392143423,33.2276578875756,27.2685641440367,30.2031165660077
1852,3,42.9485619389844,111.566431626728,105.207776460231,104.629243875238,92.9010270579833,89.0409064179701,4,57.2647492519792,85.593430985489,70.4628754743741,63.9158845362897,68.3884649745287,72.8938240360111,51,730.125552962735,871.959440327706,958.941535347123,942.568047931219,896.727151737253,847.721820101742,4,57.2647492519792,100.925684374468,93.4495405563319,85.8873843682788,86.1346956560492,90.8782227435144,0,0,7.11980111080706,6.98591630177213,6.23011646940071,6.10230328407276,4.99279359605953,2,28.6323746259896,29.103438854813,36.7860150680993,31.8281783935187,34.6926758026761,30.7367233413812
1853,9,80.2790141737059,64.1451866485684,106.428399909242,101.819783206564,90.7488289966177,81.3664012421588,14,124.878466492431,69.9421364258722,62.0220861312551,68.312404132872,76.6578898963062,74.8984623557664,111,990.107841475707,1048.63928713285,951.93544492162,896.12364920767,860.674209393152,824.549222945589,8,71.3591237099608,70.5578178538527,84.8594099945853,84.1770535987509,84.7047300367744,88.0455835577751,1,8.91989046374511,2.97329682124837,4.27188066648423,4.98994021555152,4.84564614286722,4.99279359605953,1,8.91989046374511,40.2006152297842,36.6366738494716,37.6529360502217,35.0537920237215,30.7367233413812
1854,5,69.207983833015,92.5739062799112,75.8270320181006,88.0681076270149,85.7399613986497,83.562455380246,2,27.683193533206,59.40286806408,67.1397721671701,78.9457497098577,76.2859700080863,70.5319182756239,103,1425.68446696011,1044.63558170023,924.815145823325,843.966967661133,808.040292357766,821.059261692546,6,83.049580599618,64.2930401864942,66.7330251942309,83.6325613894207,86.9476148247044,87.0301916311684,0,0,2.97329682124837,1.78397809274902,3.05134333320302,3.88106461209563,3.96461957143682,6,83.049580599618,34.9309810488881,40.0484645400816,39.4100355294601,32.1600474314067,30.4828753597295
1855,10,128.234720833013,85.3025279926042,72.4112945365254,62.5794757474856,79.8804779558058,81.3275322869034,2,25.6469441666025,51.1852150304799,84.1436843009936,77.7265374255033,70.9500377704568,68.1126173444447,56,718.114436664871,967.947444892728,856.399658824104,803.367545126119,799.261418634174,778.876570554766,3,38.4704162499038,68.3470843364048,70.8020000625002,75.2791834574626,86.7130519264253,88.0847669389022,0,0,0,1.78397809274902,1.2742700662493,2.37326703693569,3.17541650080551,1,12.8234720833013,54.2300192035578,39.4959645211054,32.3017424616452,32.8553054944169,29.0888470563034
1856,7,58.4648793117848,70.8564915586354,62.9657508239418,66.3577172708249,62.3332814222765,77.2471251567982,12,100.225507391631,89.3855871597769,72.3885092468225,72.3783590671536,67.416758077182,68.1387899906695,91,760.043431053203,622.068661894901,780.667884288878,795.368898314308,768.761384529485,781.449738731004,10,83.5212561596926,66.5337653343073,79.6660822480596,78.4285054177691,79.2620207897581,88.7511367269288,0,0,0,0,1.2742700662493,0.991098940416123,2.13594033324212,8,66.8170049277541,35.1701171807213,37.7119864283564,31.0439033355798,28.5165653297993,30.6407139442898
1857,2,25.8698745311085,39.1286831512271,63.0034045778107,62.5388509553998,64.7563713576881,62.3332814222765,11,142.284309921097,102.870802844768,70.8173706888876,60.6582295643182,68.6857591803324,67.416758077182,30,388.048117966628,586.513505939803,630.357995952869,742.659866618131,773.590863475328,768.761384529485,6,77.6096235933256,92.2701381302587,78.918166722961,83.5334734494118,82.0116797319805,79.2620207897581,0,0,0,0,0,1.11498630796814,0.991098940416123,2,25.8698745311085,30.8956264862875,25.067570457139,31.2995461254942,28.5020891677755,28.5165653297993
1858,2,33.0512956107879,42.7724742480853,48.0658504043542,61.4273288091306,62.5388509553998,64.7563713576881,4,66.1025912215759,76.0714672954013,74.2554938500838,66.154068902837,60.6582295643182,68.6857591803324,37,611.448968799577,557.877370682089,610.964032540388,628.822433227802,742.659866618131,773.590863475328,7,115.679534637758,90.8663870684028,92.6428634592722,83.6141222577108,83.5334734494118,82.0116797319805,0,0,0,0,0,0,1.11498630796814,0,0,15.2324584248799,24.644754039108,22.6745403798069,31.2995461254942,28.5020891677755
1859,7,69.3962526023595,51.9981660596258,45.4660931774965,48.0658504043542,61.4273288091306,62.5388509553998,2,19.8275007435313,42.922550645897,67.762990464697,74.2554938500838,66.154068902837,60.6582295643182,68,674.135025280063,635.576204560703,573.694182912184,610.964032540388,628.822433227802,742.659866618131,8,79.3100029741251,100.694479181114,94.9232652841671,92.6428634592722,83.6141222577108,83.5334734494118,0,0,0,0,0,0,0,2,19.8275007435313,10.1789635788924,14.1016913169464,24.644754039108,22.6745403798069,31.2995461254942
1860,5,53.54694996573,61.4716012840447,51.9981660596258,45.4660931774965,48.0658504043542,61.4273288091306,4,42.837559972584,31.3325303580576,42.922550645897,67.762990464697,74.2554938500838,66.154068902837,58,621.144619602467,647.639822441265,635.576204560703,573.694182912184,610.964032540388,628.822433227802,10,107.09389993146,93.2019514527925,100.694479181114,94.9232652841671,92.6428634592722,83.6141222577108,0,0,0,0,0,0,0,1,10.709389993146,15.2684453683386,10.1789635788924,14.1016913169464,24.644754039108,22.6745403798069
